ID	POS	Traditional
B1L01-I-01		陳月美
B1L01-I-02		李明華
B1L01-I-03		王開文
B1L01-I-04	N	你
B1L01-I-05	V	來
B1L01-I-06	Vst	是
B1L01-I-07	N	小姐
B1L01-I-08	Ptc	嗎
B1L01-I-09	V	接
B1L01-I-10	N	我們
B1L01-I-11	N	我
B1L01-I-12	Det	這
B1L01-I-13	N	先生
B1L01-I-14	Vs	好
B1L01-I-15	Vst	姓
B1L01-I-16	Vst	叫
B1L01-I-17	N	你們
B1L01-I-18		臺灣
B1L01-I-18		臺灣 / 台灣
B1L01-I-18		臺灣 台灣
B1L01-I-18		臺灣/台灣
B1L01-I-18		臺灣（＝台灣）
B1L01-I-19		歡迎
B1L01-I-20		請問
B1L01-I-21		是的
B1L01-I-22		謝謝
B1L01-I-23		不客氣
B1L01-I-24		你好
B1L01-II-01	V	請
B1L01-II-02	V	喝
B1L01-II-03	N	茶
B1L01-II-04	Adv	很
B1L01-II-05	Vs	好喝
B1L01-II-06	N	什麼
B1L01-II-07	N	人
B1L01-II-08	Vst	喜歡
B1L01-II-09	Ptc	呢
B1L01-II-10	N	他
B1L01-II-11	Adv	不
B1L01-II-12	Det	哪
B1L01-II-13	Vaux	要
B1L01-II-14	N	咖啡
B1L01-II-15		烏龍茶
B1L01-II-16		日本
B1L01-II-17		美國
B1L01-II-18		對不起
B1L01-II-19		哪國
B1L02-I-01		張怡君
B1L02-I-02		馬安同
B1L02-I-03	Ptc	的
B1L02-I-04	N	家人
B1L02-I-05	N	家
B1L02-I-06	Vs	漂亮
B1L02-I-07	N	房子
B1L02-I-08	Vi	坐
B1L02-I-09	Ptc	好
B1L02-I-10	Vst	有
B1L02-I-11	Vs-pred	多
B1L02-I-12	N	照片
B1L02-I-13	Adv	都
B1L02-I-14	V-sep	照相
B1L02-I-15	M	張
B1L02-I-16	Vs	好看
B1L02-I-17	N	誰
B1L02-I-18	N	姐姐
B1L02-I-19	N	妹妹
B1L02-I-20	N	爸爸
B1L02-I-21	N	媽媽
B1L02-I-22		請 進
B1L02-I-22		請進
B1L02-II-01		田中誠一
B1L02-II-02	N	伯母
B1L02-II-03	N	您
B1L02-II-04	N	名字
B1L02-II-05	N	書
B1L02-II-06	N	哥哥
B1L02-II-07	N	老師
B1L02-II-08	V-sep	看書
B1L02-II-09	N	幾
B1L02-II-10	M	個
B1L02-II-11	Adv	沒
B1L02-II-12	N	兄弟
B1L02-II-13	N	姐妹
B1L02-II-14	N	五
B1L02-II-15	N	兩
B1L03-I-01	N	週末
B1L03-I-02	V	聽
B1L03-I-03	N	音樂
B1L03-I-04	Vi	運動
B1L03-I-05	V	打
B1L03-I-06	N	網球
B1L03-I-07	N	棒球
B1L03-I-08	Conj	和
B1L03-I-09	V-sep	游泳
B1L03-I-10	Adv	常
B1L03-I-11	N	籃球
B1L03-I-12	Adv	也
B1L03-I-13	V	踢
B1L03-I-14	N	足球
B1L03-I-15	Vst	覺得
B1L03-I-16	Vs	好玩
B1L03-I-17	N	明天
B1L03-I-18	N	早上
B1L03-I-19	V	去
B1L03-I-20	Vs	怎麼樣
B1L03-I-21	Ptc	啊
B1L03-I-22		做什麼
B1L03-I-23		好啊
B1L03-II-01		白如玉
B1L03-II-02	N	今天
B1L03-II-03	N	晚上
B1L03-II-04	V	看
B1L03-II-05	N	電影
B1L03-II-06	N	妳
B1L03-II-07	Vaux	想
B1L03-II-08	Conj	還是
B1L03-II-09	Ptc	吧
B1L03-II-10	Vaux	可以
B1L03-II-11	V	學
B1L03-II-12	N	中文
B1L03-II-13	Adv	一起
B1L03-II-14	V	吃
B1L03-II-15	N	晚飯
B1L03-II-16	N	菜
B1L03-II-17		越南
B1L03-II-18		好不好
B1L04-I-01	Adv	一共
B1L04-I-02	N	多少
B1L04-I-03	N	錢
B1L04-I-04	N	老闆
B1L04-I-05	V	買
B1L04-I-06	M	杯
B1L04-I-07	Vs	熱
B1L04-I-08	N	包子
B1L04-I-09	V	要
B1L04-I-10	Vs	大
B1L04-I-11	Vs-attr	中
B1L04-I-12	Vs	小
B1L04-I-13	Prep	幫
B1L04-I-14	V	微波
B1L04-I-15	N	百
B1L04-I-16	M	塊
B1L04-I-17		好的
B1L04-I-18		外帶
B1L04-I-19		內用
B1L04-II-01	M	支
B1L04-II-02	Vs	新
B1L04-II-03	N	手機
B1L04-II-04	Adv	太
B1L04-II-05	Vs	舊
B1L04-II-06	Ptc	了
B1L04-II-07	M	種
B1L04-II-08	Vaux	能
B1L04-II-09	V-sep	上網
B1L04-II-10	Det	那
B1L04-II-11	Vs	貴
B1L04-II-12	V	賣
B1L04-II-13	Vs	便宜
B1L04-II-14	Vst	要
B1L04-II-15	N	萬
B1L04-II-16		千
B1L04-II-17		為什麼
B1L05-I-01	N	牛肉
B1L05-I-02	N	麵
B1L05-I-03	Adv	真
B1L05-I-04	Vs	好吃
B1L05-I-05	V	說
B1L05-I-06	Vs-pred	少
B1L05-I-07	Vs	有名
B1L05-I-08	N	小吃
B1L05-I-09	Adv	最
B1L05-I-10	N	湯
B1L05-I-11	Adv	這麼
B1L05-I-12	Vst	知道
B1L05-I-13	M	家
B1L05-I-14	N	店
B1L05-I-15	Adv	一定
B1L05-I-16	V	點
B1L05-I-17	M	碗
B1L05-I-18		是啊
B1L05-I-19		小籠包
B1L05-I-20		臭豆腐
B1L05-I-21		太好了
B1L05-II-01	N	昨天
B1L05-II-02	N	餐廳
B1L05-II-03	Conj	可是
B1L05-II-04	Vs	辣
B1L05-II-05	Vst	怕
B1L05-II-06	Conj	所以
B1L05-II-07	N	自己
B1L05-II-08	V-sep	做飯
B1L05-II-09	Ptc	得
B1L05-II-10	Vaux	會
B1L05-II-11	N	甜點
B1L05-II-12	Vs	不錯
B1L05-II-13	Vaux	可以
B1L05-II-14	V	教
B1L05-II-15	Prep	到
B1L05-II-16		有一點
B1L05-II-17		不好
B1L06-I-01	N	他們
B1L06-I-02	N	學校
B1L06-I-03	Vst	在
B1L06-I-04	N	山上
B1L06-I-05	N	哪裡
B1L06-I-06	Vs	遠
B1L06-I-07	N	那裡
B1L06-I-08	N	風景
B1L06-I-09	Vs	美
B1L06-I-10	N	前面
B1L06-I-11	N	海
B1L06-I-12	N	後面
B1L06-I-13	N	山
B1L06-I-14	Adv	真的
B1L06-I-15	N	地方
B1L06-I-16	N	現在
B1L06-I-17	N	附近
B1L06-I-18	N	樓下
B1L06-I-19	V	找
B1L06-I-20	N	朋友
B1L06-I-21	V-sep	上課
B1L06-I-22		花蓮
B1L06-I-23		聽說
B1L06-II-01	Vs	近
B1L06-II-02	Vs	方便
B1L06-II-03	N	這裡
B1L06-II-04	N	學生
B1L06-II-05	Prep	在
B1L06-II-06	N	東西
B1L06-II-07	N	外面
B1L06-II-08	N	裡面
B1L06-II-09	N	商店
B1L06-II-10	V-sep	吃飯
B1L06-II-11	N	宿舍
B1L06-II-12	N	樓
B1L06-II-13	M	棟
B1L06-II-14	N	大樓
B1L06-II-15	N	圖書館
B1L06-II-16	N	旁邊
B1L06-II-17	N	教室
B1L06-II-18	N	游泳池
B1L07-I-01	M	點
B1L07-I-02		KTV
B1L07-I-02	N	KTV
B1L07-I-03	V-sep	唱歌
B1L07-I-04	M	分
B1L07-I-05	V-sep	見面
B1L07-I-06	Prep	從
B1L07-I-07	N	中午
B1L07-I-08	Vaux	得
B1L07-I-09	N	銀行
B1L07-I-10	N	時候
B1L07-I-11	N	後天
B1L07-I-12		大安
B1L07-I-13		下次
B1L07-I-14		沒問題
B1L07-I-15		對了
B1L07-I-16		有空
B1L07-I-17		再見
B1L07-II-01	Vs	在
B1L07-II-02	N	午餐
B1L07-II-03	Adv	剛
B1L07-II-04	V-sep	下課
B1L07-II-05	N	下午
B1L07-II-06	N	半
B1L07-II-07	N	比賽
B1L07-II-08	Vp	結束
B1L07-II-09	N	最近
B1L07-II-10	Vs	忙
B1L07-II-11	Det	每
B1L07-II-12	M	天
B1L07-II-13	N	書法
B1L07-II-14	N	課
B1L07-II-15	Vp	開始
B1L07-II-16	N	字
B1L07-II-17	V	寫
B1L07-II-18	Vaux	可以
B1L07-II-19	V	問
B1L07-II-20		等一下
B1L07-II-21		有事
B1L07-II-22		有意思
B1L08-I-01	V	坐
B1L08-I-02	N	火車
B1L08-I-03	Prep	跟
B1L08-I-04	V	玩
B1L08-I-05	Adv	怎麼
B1L08-I-06	Vs	慢
B1L08-I-07	N	鐘頭
B1L08-I-08	Adv	比較
B1L08-I-09	Vs	快
B1L08-I-10	N	車票
B1L08-I-11	Adv	非常
B1L08-I-12	Conj	但是
B1L08-I-13	Adv	又
B1L08-I-14	Vs	舒服
B1L08-I-15	N	站
B1L08-I-16	Conj	或是
B1L08-I-17		臺南
B1L08-I-18		高鐵
B1L08-I-19		網路上
B1L08-I-20		便利商店
B1L08-II-01	N	同學
B1L08-II-02	V	參觀
B1L08-II-03	N	古代
B1L08-II-04	V	騎
B1L08-II-05	N	機車
B1L08-II-06	V	載
B1L08-II-07	N	捷運
B1L08-II-08	Prep	比
B1L08-II-09		故宮博物院
B1L08-II-09		故宮博物院 (故宮)
B1L08-II-09		故宮博物院(故宮)
B1L08-II-09		故宮博物院（故宮）
B1L08-II-10		中國
B1L08-II-11		公共汽車
B1L08-II-11		公共汽車 (公車)
B1L08-II-11		公共汽車(公車)
B1L08-II-11		公共汽車（公車）
B1L08-II-12		不行
B1L08-II-13		計程車
B1L08-II-14		差不多
B1L09-I-01	N	星期 + number
B1L09-I-02	V-sep	回國
B1L09-I-03	Vaux	打算
B1L09-I-04	N	電視
B1L09-I-05	N	影片
B1L09-I-06	Vi	旅行
B1L09-I-07	N	功課
B1L09-I-08	Vi	出去
B1L09-I-09	Adv	大概
B1L09-I-10		放假
B1L09-I-11		下個星期
B1L09-I-12		有時候
B1L09-I-13		多久
B1L09-I-14		臺東
B1L09-II-01	N	女 + noun
B1L09-II-02	N	number + 月
B1L09-II-03	N	number + 號
B1L09-II-04	V	帶
B1L09-II-05	N	她
B1L09-II-06	Adv	還
B1L09-II-07	N	建議
B1L09-II-08	N	夜市
B1L09-II-09	Vaux	應該
B1L09-II-10	V	逛
B1L09-II-11	Vs	特別
B1L09-II-12	N	茶館
B1L09-II-13	Vp	決定
B1L09-II-14	Conj	要是
B1L09-II-15	Adv	就
B1L09-II-16		貓空
B1L10-I-01	N	水果
B1L10-I-02	N	黃色
B1L10-I-03	N	芒果
B1L10-I-04	V	給
B1L10-I-05	M	塊
B1L10-I-06	Vs	香
B1L10-I-07	Vs	甜
B1L10-I-08	N	紅色
B1L10-I-09	N	西瓜
B1L10-I-10	Ptc	吧
B1L10-I-11	Vs	對
B1L10-I-12	N	以前
B1L10-I-13	N	機會
B1L10-I-14	V	請
B1L10-I-15		吃吃看
B1L10-II-01	V	拍
B1L10-II-02	V	笑
B1L10-II-03	Vs	開心
B1L10-II-04	V	穿
B1L10-II-05	N	衣服
B1L10-II-06	N	旅館
B1L10-II-07	N	太太
B1L10-II-08	N	男 + noun
B1L10-II-09	Vs	矮
B1L10-II-10	Vs	高
B1L10-II-11	N	弟弟
B1L10-II-12	Vs	乾淨
B1L10-II-13	N	窗戶
B1L10-II-14	Prep	往
B1L10-II-15	N	藍色
B1L10-II-16	Conj	因為
B1L10-II-17	V	住
B1L10-II-18		上個月
B1L10-II-19		這些
B1L11-I-01	V	租
B1L11-I-02	N	房東
B1L11-I-03	N	客廳
B1L11-I-04	N	廚房
B1L11-I-05	N	左邊
B1L11-I-06	N	右邊
B1L11-I-07	N	浴室
B1L11-I-08	N	超市
B1L11-I-09	V-sep	走路
B1L11-I-10	M	分鐘
B1L11-I-11	Adv	就
B1L11-I-12	Vp	到
B1L11-I-13	M	間
B1L11-I-14	Vs	空
B1L11-I-15	N	房間
B1L11-I-16	N	套房
B1L11-I-17	Vi	回去
B1L11-I-18	V	想
B1L11-I-19	Adv	再
B1L11-I-20	N	電話
B1L11-I-21	Prep	給
B1L11-I-22		林
B1L11-I-23		打電話
B1L11-II-01	Ptc	喂
B1L11-II-02	N	房租
B1L11-II-03	Adv	已經
B1L11-II-04	Vs	習慣
B1L11-II-05	N	問題
B1L11-II-06	N	熱水器
B1L11-II-07	Adv	好像
B1L11-II-08	Vaux	會
B1L11-II-09	V	等
B1L11-II-10	Ptc	那
B1L11-II-11	V	裝
B1L11-II-12	Conj	不過
B1L11-II-13	V	付
B1L11-II-14		收到
B1L11-II-15		不好意思
B1L11-II-16		沒關係
B1L11-II-17		有線電視
B1L12-I-01	V	計畫
B1L12-I-02	M	年
B1L12-I-03	Vs	久
B1L12-I-04	N	時間
B1L12-I-05	Adv	先
B1L12-I-06	V	念
B1L12-I-07	N	大學
B1L12-I-08	Vst	需要
B1L12-I-09	V	花
B1L12-I-10	N	獎學金
B1L12-I-11	N	成績
B1L12-I-12	N	學費
B1L12-I-13	N	公司
B1L12-I-14	Prep	替
B1L12-I-15	Vst	希望
B1L12-I-16	N	以後
B1L12-I-17	V	到
B1L12-I-18	V-sep	上班
B1L12-I-19	V-sep	念書
B1L12-I-20	Vs	累
B1L12-I-21		語言中心
B1L12-I-22		加油
B1L12-II-01	Vi	工作
B1L12-II-02	N	去年
B1L12-II-03	V	做
B1L12-II-04	N	生意
B1L12-II-05	N	以後
B1L12-II-06	Vs	好
B1L12-II-07	V	找
B1L12-II-08	N	工作
B1L12-II-09	N	這樣
B1L12-II-10	N	國家
B1L12-II-11	Vi	試
B1L12-II-12	Vs	難
B1L12-II-13	Ptc	那麼
B1L12-II-14	Adv	再
B1L12-II-15		試試看
B1L13-I-01	N	生日
B1L13-I-02	Vs	快樂
B1L13-I-03	Vi	回來
B1L13-I-04	Ptc	啊
B1L13-I-05	Adv	怎麼
B1L13-I-06	Vpt	忘
B1L13-I-06	Vpt	忘 (了)
B1L13-I-06	Vpt	忘 / 忘了
B1L13-I-06	Vpt	忘(了)
B1L13-I-06	Vpt	忘了
B1L13-I-06	Vpt	忘（了）
B1L13-I-07	Vst	記得
B1L13-I-08	Adv	當然
B1L13-I-09	N	語言
B1L13-I-10	V	交換
B1L13-I-11	Adv	那麼
B1L13-I-12	Vs	熱心
B1L13-I-13	N	西班牙文
B1L13-I-14	Vs	一樣
B1L13-I-15	V	過
B1L13-I-16	N	左右
B1L13-I-17	N	門口
B1L13-I-18		西班牙
B1L13-I-19		生日快樂
B1L13-I-20		我就是
B1L13-I-21		好久不見
B1L13-I-22		不必客氣
B1L13-I-23		太客氣
B1L13-II-01	N	禮物
B1L13-II-02	N	今年
B1L13-II-03	V	訂
B1L13-II-04	Ptc	了
B1L13-II-05	N	豬腳
B1L13-II-06	N	麵線
B1L13-II-07	N	蛋
B1L13-II-08	Vs	一點
B1L13-II-09	N	傳統
B1L13-II-10	Vs	年輕
B1L13-II-11	N	蛋糕
B1L13-II-12	Prep	對
B1L13-II-13	V	祝
B1L13-II-14		哪裡 哪裡
B1L13-II-14		哪裡,哪裡
B1L13-II-14		哪裡，哪裡
B1L13-II-15		大部分
B1L13-II-16		萬事如意
B1L13-II-17		心想事成
B1L14-I-01	N	天氣
B1L14-I-02	Vs	冷
B1L14-I-03	N	風
B1L14-I-04	V-sep	滑雪
B1L14-I-05	N	春天
B1L14-I-06	Vst	想
B1L14-I-07	N	新年
B1L14-I-08	Adv	快
B1L14-I-09	N	父母
B1L14-I-10	N	冬天
B1L14-I-11	N	明年
B1L14-I-12	N	秋天
B1L14-I-13	N	紅葉
B1L14-I-14	Adv	只
B1L14-I-15		玉山
B1L14-I-16		紐約
B1L14-I-17		下雪
B1L14-I-18		十二月底
B1L14-II-01	N	雨
B1L14-II-02	N	傘
B1L14-II-03	N	颱風
B1L14-II-04	Adv	要
B1L14-II-05	N	夏天
B1L14-II-06	Vs	濕
B1L14-II-07	Vs	討厭
B1L14-II-08	N	新聞
B1L14-II-09	Adv	更
B1L14-II-10	N	大家
B1L14-II-11	Vs	小心
B1L14-II-12	Vs	可怕
B1L14-II-13	Vp	停
B1L14-II-14		下雨
B1L14-II-15		這次
B1L14-II-16		上次
B1L14-II-17		慢走
B1L15-I-01	N	醫生
B1L15-I-02	Adv	一直
B1L15-I-03	V	流
B1L15-I-04	N	鼻水
B1L15-I-05	N	頭
B1L15-I-06	Vs	痛
B1L15-I-07	N	胃口
B1L15-I-08	Vs	差
B1L15-I-09	N	喉嚨
B1L15-I-10	Vp-sep	發炎
B1L15-I-11	Vp-sep	生病
B1L15-I-12	Vp-sep	發燒
B1L15-I-13	Vp	感冒
B1L15-I-14	N	藥
B1L15-I-15	N	藥局
B1L15-I-16	V	拿
B1L15-I-17	Ptc	把
B1L15-I-18	N	水
B1L15-I-19	Vi	休息
B1L15-I-20	V-sep	睡覺
B1L15-I-21		早一點
B1L15-II-01	N	臉色
B1L15-II-02	Vs	難看
B1L15-II-03	N	肚子
B1L15-II-04	V	吐
B1L15-II-05	N	幾
B1L15-II-06	M	次
B1L15-II-07	V	陪
B1L15-II-08	V-sep	看病
B1L15-II-09	N	健康
B1L15-II-10	N	保險
B1L15-II-11	Prep	跟
B1L15-II-12	Vs	油
B1L15-II-13	Vs	冰
B1L15-II-14	Adv	別
B1L15-II-15	Vs	關心
B1L15-II-16	M	包
B1L15-II-17	Vi	睡
B1L15-II-18	N	小時
B1L15-II-19		怎麼了
B1L15-II-20		不用了
B1L15-II-21		健康中心
B1L15-II-22		回家
B1L15-II-23		最好
B2L01-I-01	Vi	走
B2L01-I-02	N	路人
B2L01-I-03	V-sep	幫忙
B2L01-I-04	Vp-sep	迷路
B2L01-I-05	Det	下
B2L01-I-06	N	路口
B2L01-I-07	N	段
B2L01-I-08	V	過
B2L01-I-09	Det	第
B2L01-I-10	N	紅綠燈
B2L01-I-11	V	告訴
B2L01-I-12	N	提款機
B2L01-I-13	N	超商
B2L01-I-14	Vaux	應該
B2L01-I-15	N	郵局
B2L01-I-16	V	提
B2L01-I-17	N	那邊
B2L01-I-18		師大
B2L01-I-18		師大 (師範大學)
B2L01-I-18		師大 / 師範大學
B2L01-I-18		師大(師範大學)
B2L01-I-18		師大（師範大學）
B2L01-I-19		和平東路
B2L01-I-20		往前
B2L01-I-21		右轉
B2L01-I-22		聽起來
B2L01-I-23		看見
B2L01-II-01	V	下載
B2L01-II-02	N	地圖
B2L01-II-03	Vs	好用
B2L01-II-04	Ptc	著
B2L01-II-05	N	日用品
B2L01-II-06	V	經過
B2L01-II-07	N	巷子
B2L01-II-08	Vs	餓
B2L01-II-09	Adv	一邊
B2L01-II-10	Vpt	發現
B2L01-II-11	Prep	離
B2L01-II-12	N	背包
B2L01-II-13	Adv	正好
B2L01-II-14	Adv	最後
B2L01-II-15	M	枝
B2L01-II-16	N	筆
B2L01-II-17	M	本
B2L01-II-18	N	本子
B2L01-II-19		左轉
B2L01-II-20		師大路上
B2L01-II-21		麵店
B2L02-I-01	Adv	還是
B2L02-I-02	Vs	早
B2L02-I-03	V	約
B2L02-I-04	N	對面
B2L02-I-05	Adv	直接
B2L02-I-06	Vaux	不必
B2L02-I-07	V	換
B2L02-I-08	N	車站
B2L02-I-09	Vs	麻煩
B2L02-I-10	Adv	趕快
B2L02-I-11	Vp	走
B2L02-I-12	N	班次
B2L02-I-13	N	禮拜
B2L02-I-14	V	見
B2L02-I-15		電腦展
B2L02-I-16		世貿展覽館
B2L02-I-17		展覽館
B2L02-I-18		台北 101
B2L02-I-18		台北101
B2L02-I-19		台北
B2L02-I-20		2 號線
B2L02-I-20		2號線
B2L02-I-21		別急
B2L02-II-01	N	飛機
B2L02-II-02	V-sep	轉機
B2L02-II-03	N	機場
B2L02-II-04	N	巴士
B2L02-II-05	N	市區
B2L02-II-06	V	下
B2L02-II-07	N	交通
B2L02-II-08	Vs	便利
B2L02-II-09	Adv	到處
B2L02-II-10	N	路線
B2L02-II-11	Vs	複雜
B2L02-II-12	Vs	輕鬆
B2L02-II-13	N	東部
B2L02-II-14	N	海邊
B2L02-II-15	N	島
B2L02-II-16	V	搭
B2L02-II-17	N	船
B2L02-II-18	Ptc	地
B2L02-II-19		美美
B2L02-II-20		法國
B2L02-II-21		歐洲
B2L02-II-22		悠遊卡
B2L02-II-23		綠島
B2L02-II-24		東南邊
B2L02-II-25		好好地
B2L03-I-01	Vp	進步
B2L03-I-02	Vs	早
B2L03-I-03	N	考試
B2L03-I-04	V	準備
B2L03-I-05	V	考
B2L03-I-06	N	聽寫
B2L03-I-07	Vs	容易
B2L03-I-08	N	小學
B2L03-I-09	N	漢字
B2L03-I-10	N	高中
B2L03-I-11	Ptc	過
B2L03-I-12	Adv	才
B2L03-I-13	V-sep	說話
B2L03-I-14	Adv	不夠
B2L03-I-15	Vs	流利
B2L03-I-16	Conj	雖然
B2L03-I-17	N	環境
B2L03-I-18	Vst	同意
B2L03-I-19	N	報紙
B2L03-I-20	N	麵包
B2L03-I-21	N	演講
B2L03-I-22	Ptc	噢
B2L03-I-23		活動中心
B2L03-I-24		想起來
B2L03-II-01	V	選
B2L03-II-02	N	作業
B2L03-II-03	V	練習
B2L03-II-04	N	半夜
B2L03-II-05	Vs	高興
B2L03-II-06	Adv	平常
B2L03-II-07	V-sep	爬山
B2L03-II-08	Vpt	認識
B2L03-II-09	V-sep	聊天
B2L03-II-10	N	文化
B2L03-II-11	N	廣告
B2L03-II-12	M	位
B2L03-II-13	Vst	了解
B2L03-II-14	N	生活
B2L03-II-15		陽明山
B2L03-II-16		外國人
B2L03-II-17		一些
B2L04-I-01		高美玲
B2L04-I-02	V-sep	打工
B2L04-I-03	N	主任
B2L04-I-04	V	介紹
B2L04-I-05	M	歲
B2L04-I-06	N	語言學
B2L04-I-07	N	經驗
B2L04-I-08	V	談
B2L04-I-09	V	當
B2L04-I-10	N	助教
B2L04-I-11	N	上午
B2L04-I-12	Prep	除了
B2L04-I-13	N	年級
B2L04-I-14	N	暑假
B2L04-I-15	V	請教
B2L04-I-16	Vs-attr	貴
B2L04-I-17	N	薪水
B2L04-I-18	V	算
B2L04-I-19	Prep	按照
B2L04-I-20	N	教授
B2L04-I-21	N	鐘點費
B2L04-I-22	M	份
B2L04-I-23		法文
B2L04-I-24		亞洲
B2L04-I-25		西班牙語
B2L04-I-26		英文
B2L04-I-27		三年級
B2L04-II-01	N	法律
B2L04-II-02	Vs-pred	夠
B2L04-II-03	N	履歷表
B2L04-II-04	Vi/N	面談
B2L04-II-05	N	華僑
B2L04-II-06	N	辦公室
B2L04-II-07	V-sep	談話
B2L04-II-08	N	情形
B2L04-II-09	Vst	適合
B2L04-II-10	V	說明
B2L04-II-11	Adv	然後
B2L04-II-12	N	月底
B2L04-II-13	V	發
B2L04-II-14	Adv	馬上
B2L04-II-15	V	答應
B2L04-II-16	Vs	順利
B2L04-II-17		黃
B2L04-II-18		沒想到
B2L05-I-01	N	喜酒
B2L05-I-02	V	恭喜
B2L05-I-03	N	新娘
B2L05-I-04	V	參加
B2L05-I-05	N	婚禮
B2L05-I-06	N	西裝
B2L05-I-07	Vs	正式
B2L05-I-08	N	客人
B2L05-I-09	N	手
B2L05-I-10	N	照相機
B2L05-I-11	N	新郎
B2L05-I-12	Vi	站
B2L05-I-13	Vs	白
B2L05-I-14	Vs	帥
B2L05-I-15	N	禮服
B2L05-I-16	N	座位
B2L05-I-17		看起來
B2L05-II-01	Vp-sep	結婚
B2L05-II-02	N	日子
B2L05-II-03	N	親戚
B2L05-II-04	Vs	熱鬧
B2L05-II-05	V	慶祝
B2L05-II-06	M	件
B2L05-II-07	N	喜事
B2L05-II-08	V-sep	請客
B2L05-II-09	N	紅包
B2L05-II-10	V	送
B2L05-II-11	N	新人
B2L05-II-12	N	喜宴
B2L05-II-13	V-sep	敬酒
B2L05-II-14	N	大人
B2L05-II-15	N	小孩
B2L05-II-16	Vs	不得了
B2L05-II-17	Det	另外
B2L05-II-18	N	糖
B2L05-II-19	Vp	離開
B2L05-II-20	M	句
B2L05-II-21	V	祝福
B2L05-II-22	N	話
B2L05-II-23		一會兒
B2L05-II-24		有說有笑
B2L05-II-25		有吃有喝
B2L05-II-26		百年好合
B2L05-II-27		早生貴子
B2L06-I-01		李東健
B2L06-I-02	V	搬
B2L06-I-03	N	河邊
B2L06-I-04	N	公園
B2L06-I-05	N	腳踏車
B2L06-I-06	Adv	正在
B2L06-I-07	N	網站
B2L06-I-08	N	資料
B2L06-I-09	V-sep	搬家
B2L06-I-10	Vs	近
B2L06-I-11	N	合約
B2L06-I-12	Vp	到期
B2L06-I-13	Adv	還好
B2L06-I-14	N	光線
B2L06-I-15	Vs	重要
B2L06-I-16	Conj	如果
B2L06-I-17	Det	別的
B2L06-I-18	Vs	合適
B2L06-I-19	Vpt	少
B2L06-I-20	Vs	可惜
B2L06-I-21	V	放
B2L06-I-22	N	兩邊
B2L06-I-23	Vaux	願意
B2L06-I-24	V	開
B2L06-I-25	V	存
B2L06-I-26	N	隨身碟
B2L06-I-27		什麼樣
B2L06-I-28		慢慢來
B2L06-I-29		不急
B2L06-II-01	Adv	相當
B2L06-II-02	N	自行車
B2L06-II-03	N	床
B2L06-II-04	N	桌子
B2L06-II-05	N	椅子
B2L06-II-06	N	家具
B2L06-II-07	Conj	而且
B2L06-II-08	Vs	吵
B2L06-II-09	N	生活費
B2L06-II-10	Vs	低
B2L06-II-11	Vi/V	留
B2L06-II-12	Vs	長
B2L06-II-13	V	討論
B2L06-II-14	N	社團
B2L06-II-15	N	活動
B2L06-II-16	Vs	失望
B2L06-II-17	Vs-sep	放心
B2L06-II-18	V	用
B2L06-II-19		首爾
B2L07-I-01	N	垃圾
B2L07-I-02	V	倒
B2L07-I-03	V	丟
B2L07-I-04	V	收
B2L07-I-05	Vst	以為
B2L07-I-06	V	回收
B2L07-I-07	N	規定
B2L07-I-08	Conj	要不然
B2L07-I-09	N	皮包
B2L07-I-10	Vi	跑
B2L07-I-11	V	追
B2L07-I-12	Vs	有趣
B2L07-I-13	Vs	不壞
B2L07-I-14		天天
B2L07-I-15		汽水罐
B2L07-I-16		紙杯
B2L07-I-17		放下
B2L07-I-18		走出來
B2L07-I-19		怎麼辦
B2L07-II-01	V	聊
B2L07-II-02	Adv	忽然
B2L07-II-03	N	聲音
B2L07-II-04	Vs	奇怪
B2L07-II-05	N	袋子
B2L07-II-06	M	輛
B2L07-II-07	Vs-attr	一定
B2L07-II-08	N	地點
B2L07-II-09	Prep	為了
B2L07-II-10	V	保護
B2L07-II-11	N	分類
B2L07-II-12	V	利用
B2L07-II-13	N	紙
B2L07-II-14	N	瓶子
B2L07-II-15	N	塑膠
B2L07-II-16	N	資源
B2L07-II-17	N	回收桶
B2L07-II-18	N	城市
B2L07-II-19		聽見
B2L07-II-20		開過來
B2L07-II-21		走過去
B2L07-II-22		丟進去
B2L07-II-23		路上
B2L08-I-01	N	功夫
B2L08-I-02	V	叫
B2L08-I-03	Ptc	見
B2L08-I-04	V	推
B2L08-I-05	N	體育館
B2L08-I-06	N	太極拳
B2L08-I-07	N	師父
B2L08-I-08	N	天分
B2L08-I-09	Vpt	懂
B2L08-I-10	Vp	起來
B2L08-I-11	N	動作
B2L08-I-12	Vs	輕
B2L08-I-13	N	腿
B2L08-I-14	Ptc	了
B2L08-I-15	Ptc	下去
B2L08-I-16	N	興趣
B2L08-I-17	V	借
B2L08-I-18		有天分
B2L08-I-19		學會
B2L08-I-20		起不來
B2L08-I-21		走不了路
B2L08-II-01	N	好處
B2L08-II-02	Vi	抱怨
B2L08-II-03	N	公尺
B2L08-II-04	Adv	總是
B2L08-II-05	Ptc	完
B2L08-II-06	N	體力
B2L08-II-07	N	整天
B2L08-II-08	N	精神
B2L08-II-09	Adv	本來
B2L08-II-10	Vaux	可能
B2L08-II-11	V	回
B2L08-II-12	V	影響
B2L08-II-13	N	身體
B2L08-II-14	N	練
B2L08-II-15		想起
B2L09-I-01	N	春假
B2L09-I-02	Ptc	好
B2L09-I-03	Ptc	到
B2L09-I-04	N	特色
B2L09-I-05	Vs-pred	夠
B2L09-I-06	N	顏色
B2L09-I-07	N	廟
B2L09-I-08	Vst	像
B2L09-I-09	N	教堂
B2L09-I-10	N	南部
B2L09-I-11	V-sep	潛水
B2L09-I-12	Det	各
B2L09-I-13	N	魚
B2L09-I-14	Vs	酸
B2L09-I-15	N	檸檬
B2L09-I-16	N	味道
B2L09-I-17		泰國
B2L09-I-18		比起來
B2L09-I-19		極了
B2L09-I-20		忘不了
B2L09-II-01	N	鄉下
B2L09-II-02	N	氣氛
B2L09-II-03	N	鎮
B2L09-II-04	Vs	不同
B2L09-II-05	N	現代
B2L09-II-06	N	公寓
B2L09-II-07	N	馬路
B2L09-II-08	Vs	寬
B2L09-II-09	N	汽車
B2L09-II-10	N	建築
B2L09-II-11	Vs	老
B2L09-II-12	M	層
B2L09-II-13	N	北部
B2L09-II-14	Vs	熱情
B2L09-II-15	Vs	擠
B2L09-II-16	N	飲料
B2L09-II-17		巴黎
B2L09-II-18		高雄市
B2L09-II-19		中南部
B2L09-II-20		買得起
B2L09-II-21		百貨公司
B2L09-II-22		越來越
B2L10-I-01		馬丁
B2L10-I-02	V	包
B2L10-I-03	N	餃子
B2L10-I-04	V	脫
B2L10-I-05	N	鞋
B2L10-I-06	V	關
B2L10-I-07	N	門
B2L10-I-08	N	春捲
B2L10-I-09	N	泡菜
B2L10-I-10	N	飯廳
B2L10-I-11	Ptc	下
B2L10-I-12	V	洗
B2L10-I-13	V-sep	做菜
B2L10-I-14	N	水餃
B2L10-I-15	V	煮
B2L10-I-16	Vp	壞
B2L10-I-17	Vp	破
B2L10-I-18	N	餡兒
B2L10-I-19	Vs	扁
B2L10-I-20	N	材料
B2L10-I-21	M	道
B2L10-I-22	Vs	飽
B2L10-I-23	Vp	光
B2L10-I-24	N	鍋子
B2L10-I-25	N	筷子
B2L10-I-26	N	碗
B2L10-I-27		韓國
B2L10-I-28		看不出來
B2L10-I-29		酸辣湯
B2L10-II-01	N	學期
B2L10-II-02	Prep	趁
B2L10-II-03	N	皮
B2L10-II-04	V	嚐
B2L10-II-05	N	大白菜
B2L10-II-06	V	加
B2L10-II-07	N	鹽
B2L10-II-08	V	拌
B2L10-II-09	N	辣椒
B2L10-II-10	N	調味料
B2L10-II-11	V	裝
B2L10-II-12	N	玻璃
B2L10-II-13	N	壽司
B2L10-II-14	Vst	像
B2L10-II-15	N	食物
B2L10-II-16		做起來
B2L11-I-01	Det	其他
B2L11-I-02	N	假期
B2L11-I-03	N	溫泉
B2L11-I-04	V	建議
B2L11-I-05	N	票
B2L11-I-06	V	考慮
B2L11-I-07	Adv	順便
B2L11-I-08	N	湖
B2L11-I-09	N	原住民
B2L11-I-10	M	趟
B2L11-I-11	Adv	後來
B2L11-I-12	V	注意
B2L11-I-13	N	沙灘
B2L11-I-14	N	錢包
B2L11-I-15	Vp	不見
B2L11-I-16	Ptc	被
B2L11-I-17	V	偷
B2L11-I-18	Vs	安全
B2L11-I-19	Vs	值得
B2L11-I-20		墾丁
B2L11-I-21		台中
B2L11-I-22		日月潭
B2L11-I-23		水上活動
B2L11-I-24		風景區
B2L11-II-01	Adv	又
B2L11-II-02	M	遍
B2L11-II-03	N	民宿
B2L11-II-04	N	運氣
B2L11-II-05	N	摩托車
B2L11-II-06	N	熱帶
B2L11-II-07	N	植物
B2L11-II-08	Vs-attr	所有
B2L11-II-09	N	白天
B2L11-II-10	Vi	躺
B2L11-II-11	N	黃昏
B2L11-II-12	M	條
B2L11-II-13	N	街
B2L11-II-14	N	啤酒
B2L11-II-15	Ptc	上
B2L11-II-16	Conj	又
B2L11-II-17	Vs	浪漫
B2L11-II-18	N	家鄉
B2L11-II-19		觀光客
B2L11-II-20		曬太陽
B2L11-II-21		水上摩托車
B2L11-II-22		愛上
B2L12-I-01	Adv	新
B2L12-I-02	V	開
B2L12-I-03	N	素食
B2L12-I-04	N	速食
B2L12-I-05	Vp	錯
B2L12-I-06	N	肉
B2L12-I-07	Ptc	欸
B2L12-I-08	V	讓
B2L12-I-09	V-sep	吃素
B2L12-I-10	N	漢堡
B2L12-I-11	Vp	變
B2L12-I-12	Vs	胖
B2L12-I-13	N	素菜
B2L12-I-14	Vs	油膩
B2L12-I-15	M	樣
B2L12-I-16	Vs	好奇
B2L12-I-17	N	女孩
B2L12-I-18	N	青菜
B2L12-I-19	Vs	瘦
B2L12-I-20	N	室友
B2L12-I-21	N	豬肉
B2L12-I-22	N	西方
B2L12-I-23	Adv	完全
B2L12-I-24	Vs	鹹
B2L12-I-25	V	炸
B2L12-I-26	V	烤
B2L12-I-27	N	沙拉
B2L12-I-28		麥當勞
B2L12-I-29		速食店
B2L12-II-01	Conj	只要
B2L12-II-02	Vst	討厭
B2L12-II-03	M	餐
B2L12-II-04	N	宗教
B2L12-II-05	N	關係
B2L12-II-06	N	薯條
B2L12-II-07	N	作法
B2L12-II-08	Adv	越
B2L12-II-09	Vs	簡單
B2L12-II-10	V	蒸
B2L12-II-11	Vs-attr	有機
B2L12-II-12	N	食品
B2L12-II-13	N	地球
B2L12-II-14	N	汙染
B2L12-II-15	Vs	嚴重
B2L12-II-16	N	衛生
B2L12-II-17	N	營養
B2L12-II-18		什麼的
B2L13-I-01		林愛麗
B2L13-I-02	Vp	掉
B2L13-I-03	V-sep	低頭
B2L13-I-04	V	傳
B2L13-I-05	Ptc	過
B2L13-I-06	N	簡訊
B2L13-I-07	N	功能
B2L13-I-08	Vs-sep	生氣
B2L13-I-09	V	叫
B2L13-I-10	V	罵
B2L13-I-11	N	健身房
B2L13-I-12	Ptc	啦
B2L13-I-13	V	查
B2L13-I-14	N	班機
B2L13-I-15	V-sep	訂位
B2L13-I-16	N	電
B2L13-I-17	V-sep	充電
B2L13-I-18	Vs	糊塗
B2L13-I-19	Ptc	喔
B2L13-I-20		義大利
B2L13-I-21		拿走
B2L13-I-22		撿到
B2L13-I-23		留下
B2L13-II-01	N	網路
B2L13-II-02	Vp	發生
B2L13-II-03	N	事情
B2L13-II-04	N	消息
B2L13-II-05	Prep	透過
B2L13-II-06	N	世界
B2L13-II-07	V	節省
B2L13-II-08	Vp-sep	起床
B2L13-II-09	V	檢查
B2L13-II-10	N	郵件
B2L13-II-11	Adv	立刻
B2L13-II-12	V	上傳
B2L13-II-13	Vs	正常
B2L13-II-14	V	談
B2L13-II-15		現代人
B2L13-II-16		比方說
B2L13-II-17		做到
B2L13-II-18		第一手
B2L13-II-19		急著
B2L13-II-20		打招呼
B2L13-II-21		面對面
B2L14-I-01	N	將來
B2L14-I-02	V	徵求
B2L14-I-03	N	教師
B2L14-I-04	Vst	認為
B2L14-I-05	Vp-sep	畢業
B2L14-I-06	V	發展
B2L14-I-07	Prep	連
B2L14-I-08	N	想法
B2L14-I-09	Conj	不但
B2L14-I-10	Vaux	繼續
B2L14-I-11	V	使用
B2L14-I-12	Vp	實現
B2L14-I-13	V	招待
B2L14-I-14	N	研究所
B2L14-I-15	Vi	聚
B2L14-I-16		香港
B2L14-I-17		上海
B2L14-I-18		說到
B2L14-I-19		念完
B2L14-I-20		分公司
B2L14-I-21		捨不得
B2L14-I-22		聚一聚
B2L14-II-01	Adv	當時
B2L14-II-02	N	聲調
B2L14-II-03	N	發音
B2L14-II-04	Vs	準
B2L14-II-05	N	企業
B2L14-II-06	N	管理
B2L14-II-07	N	系
B2L14-II-08	N	經濟
B2L14-II-09	N	幫助
B2L14-II-10	Vst	有關
B2L14-II-11	N	語法
B2L14-II-12	V	研究
B2L14-II-13	V-sep	教書
B2L14-II-14	N	方法
B2L14-II-15	N	目的
B2L14-II-16	Vs-attr	國際
B2L14-II-17	N	翻譯
B2L14-II-18	N	外交
B2L14-II-19	N	人員
B2L14-II-20	V	充實
B2L14-II-21	N	專業
B2L14-II-22	N	能力
B2L14-II-23		加拿大
B2L14-II-24		企業管理系
B2L14-II-24		企業管理系 (企管系)
B2L14-II-24		企業管理系 （企管系）
B2L14-II-24		企業管理系(企管系)
B2L14-II-24		企業管理系（企管系）
B2L14-II-25		國際關係
B2L15-I-01	N	春節
B2L15-I-02	N	伯伯
B2L15-I-03	N	年夜飯
B2L15-I-04	V	打擾
B2L15-I-05	N	女兒
B2L15-I-06	N	國外
B2L15-I-07	V-sep	圍爐
B2L15-I-08	N	意思
B2L15-I-09	N	全家
B2L15-I-10	N	孩子
B2L15-I-11	Vs	吉祥
B2L15-I-12	N	年紀
B2L15-I-13		過年
B2L15-I-14		除夕夜
B2L15-I-15		睡著
B2L15-I-16		壓歲錢
B2L15-I-17		恭喜發財
B2L15-I-18		好了
B2L15-II-01	N	節日
B2L15-II-02	V	打掃
B2L15-II-03	Conj	另外
B2L15-II-04	N	春聯
B2L15-II-05	N	除夕
B2L15-II-06	N	年糕
B2L15-II-07	N	橘子
B2L15-II-08	Vi	守歲
B2L15-II-09	N	說法
B2L15-II-10	Vs	晚
B2L15-II-11	Vs	活
B2L15-II-12	Vs	平安
B2L15-II-13	V-sep	出門
B2L15-II-14	V-sep	拜年
B2L15-II-15	Adv	又
B2L15-II-16	Ptc	起來
B2L15-II-17		華人
B2L15-II-18		貼上
B2L15-II-19		年年有餘
B2L15-II-20		步步高升
B2L15-II-21		大吉大利
B2L15-II-22		放鞭炮
B2L15-II-23		大年初一
B2L15-II-24		大年初五
B3L01-I-01		安德思
B3L01-I-02		羅珊蒂
B3L01-I-03		何雅婷
B3L01-I-04	Vp	開學
B3L01-I-05	N	班
B3L01-I-06	N	新生
B3L01-I-07	Vs	嚴
B3L01-I-08	N	口試
B3L01-I-09	N	筆試
B3L01-I-10	N	以外
B3L01-I-11	Vs-attr	口頭
B3L01-I-12	N	報告
B3L01-I-13	N	壓力
B3L01-I-14	N	說明
B3L01-I-15	Vs	清楚
B3L01-I-16	N	位子
B3L01-I-17	V	旁聽
B3L01-I-18	N	分
B3L01-I-19	Vst	羨慕
B3L01-I-20	Vp-sep	休學
B3L01-I-21	Vs	用功
B3L01-I-22	Vs	行
B3L01-I-23	V	轉
B3L01-I-24	Adv	原來
B3L01-I-25	N	會計
B3L01-I-26	Vs	熱門
B3L01-I-27	V-sep	熬夜
B3L01-I-28	V	當
B3L01-I-29	Adv	恐怕
B3L01-I-30	N	口才
B3L01-I-31	N	事
B3L01-I-32	Vp	遲到
B3L01-I-33		差一點
B3L01-I-34		這樣下去
B3L01-I-35		沒辦法
B3L01-II-01	N	獨生女
B3L01-II-02	Vs-attr	私立
B3L01-II-03	Vs	理想
B3L01-II-04	Vst	合
B3L01-II-05	Vs	痛苦
B3L01-II-06	N	科系
B3L01-II-07	V	放棄
B3L01-II-08	Conj	不管
B3L01-II-09	Vst	反對
B3L01-II-10	N	個性
B3L01-II-11	Vs	活潑
B3L01-II-12	N	外語
B3L01-II-13	Vst	擔心
B3L01-II-14	V	填
B3L01-II-15	N	表
B3L01-II-16	V	辦
B3L01-II-17	N	手續
B3L01-II-18	V	申請
B3L01-II-19	N	成績單
B3L01-II-20		考上
B3L01-II-21		推薦信
B3L02-I-01	Vp	起
B3L02-I-02	N	外套
B3L02-I-03	Adv	一般
B3L02-I-04	N	商品
B3L02-I-05	N	折扣
B3L02-I-06	V	省
B3L02-I-07	N	牌子
B3L02-I-08	N	品質
B3L02-I-08	N	品質（質量）
B3L02-I-09	N	選擇
B3L02-I-10	N	樣子
B3L02-I-11	V	摸
B3L02-I-12	N	店員
B3L02-I-13	Vs	短
B3L02-I-14	N	羊毛
B3L02-I-15	Vs	暖和
B3L02-I-16	V-sep	打折
B3L02-I-17	N	原價
B3L02-I-18	V-sep	刷卡
B3L02-I-19	N	現金
B3L02-I-20	V	麻煩
B3L02-I-21	V-sep	簽名
B3L02-I-22	Vp-sep	破洞
B3L02-I-23	N	發票
B3L02-I-24	V	弄
B3L02-I-25	V	退
B3L02-I-26	V	換
B3L02-I-27	N	店長
B3L02-I-28		週年慶
B3L02-I-29		一般來說
B3L02-I-30		試穿
B3L02-I-31		打完折
B3L02-I-32		弄丟
B3L02-II-01	Vi	購物
B3L02-II-02	N	糾紛
B3L02-II-03	N	電信
B3L02-II-04	N	門市
B3L02-II-05	N	居留證
B3L02-II-06	N	月租型
B3L02-II-07	N	帳單
B3L02-II-08	Adv	並
B3L02-II-09	V	包括
B3L02-II-10	N	解釋
B3L02-II-11	N	顧客
B3L02-II-12	Adv	尤其
B3L02-II-13	V	騙
B3L02-II-14	M	頓
B3L02-II-15	N	辦法
B3L02-II-16	Adv	自動
B3L02-II-17	Vp-sep	關機
B3L02-II-18	V	修理
B3L02-II-19	V-sep	繳費
B3L02-II-20		預付卡
B3L02-II-21		換成
B3L02-II-22		吃到飽
B3L02-II-23		嚇一跳
B3L02-II-24		客服中心
B3L03-I-01		陳敏萱
B3L03-I-02		高橋健太
B3L03-I-03	N	空氣
B3L03-I-04	N	影響
B3L03-I-05	Vs	穩定
B3L03-I-06	Adv	幸虧
B3L03-I-07	Vi	躲
B3L03-I-08	M	度
B3L03-I-09	N	溫度
B3L03-I-10	Vs-attr	零下
B3L03-I-11	Vst	感覺
B3L03-I-12	Vs	實際
B3L03-I-13	Adv	難怪
B3L03-I-14	N	季節
B3L03-I-15	N	火鍋
B3L03-I-16	N	海鮮
B3L03-I-17	Vs	新鮮
B3L03-I-18	N	櫻花
B3L03-I-19	N	變化
B3L03-I-20	N	氣溫
B3L03-I-21	Vst	差
B3L03-I-22	Adv	幾乎
B3L03-I-23	Vs	乾
B3L03-I-24	Vp-sep	發霉
B3L03-I-25	N	除濕機
B3L03-I-26	N	雨季
B3L03-I-27	Vs	涼快
B3L03-I-28	Vs	潮濕
B3L03-I-29	Vs	悶
B3L03-I-30	N	冷氣
B3L03-I-31		荷蘭
B3L03-I-32		出大太陽
B3L03-I-33		颳風
B3L03-I-34		受到
B3L03-I-35		受不了
B3L03-I-36		餓死了
B3L03-I-37		後母臉
B3L03-II-01	N	祖先
B3L03-II-02	Vi	移民
B3L03-II-03	N	當中
B3L03-II-04	Prep	根據
B3L03-II-05	N	農曆
B3L03-II-06	N	農業
B3L03-II-07	N	農人
B3L03-II-08	Vs	難得
B3L03-II-09	Vi	祭祖
B3L03-II-10	V	拜
B3L03-II-11	N	神
B3L03-II-12	Vi	拜拜
B3L03-II-13	N	蚊蟲
B3L03-II-14	V	戴
B3L03-II-15	N	香包
B3L03-II-16	V	掛
B3L03-II-17	N	瘟疫
B3L03-II-18	N	做法
B3L03-II-19	Adv	多少
B3L03-II-20	N	作用
B3L03-II-21	N	迷信
B3L03-II-22	N	收成
B3L03-II-23	N	民族
B3L03-II-24	N	月亮
B3L03-II-25	Vs	圓
B3L03-II-26	N	社會
B3L03-II-27	Vi	團聚
B3L03-II-28	N	月餅
B3L03-II-29	N	柚子
B3L03-II-30	N	故事
B3L03-II-31	Vs	溫馨
B3L03-II-32		端午節
B3L03-II-33		中秋節
B3L03-II-34		雄黃酒
B3L03-II-35		古時候
B3L03-II-36		趕走
B3L03-II-37		過節
B3L04-I-01	Vst	愛
B3L04-I-02	N	人情味
B3L04-I-03	V	放
B3L04-I-04	N	天燈
B3L04-I-05	N	願望
B3L04-I-06	N	訊號
B3L04-I-07	N	元宵
B3L04-I-08	N	牆
B3L04-I-09	N	耐心
B3L04-I-10	Vs	感動
B3L04-I-11	N	擔仔麵
B3L04-I-12	N	招牌
B3L04-I-13	Vs-attr	當地
B3L04-I-14	V	賺
B3L04-I-15	Adv	而
B3L04-I-16	V	交
B3L04-I-17	N	理想
B3L04-I-18	Adv	剛剛
B3L04-I-19	Adv	改天
B3L04-I-20	Vs	無聊
B3L04-I-21	N	東區
B3L04-I-22	N	煙火
B3L04-I-23	Vi	跨年
B3L04-I-24	N	種類
B3L04-I-25	N	價錢
B3L04-I-26	N	感覺
B3L04-I-27	N	雞排
B3L04-I-28	M	口
B3L04-I-29	N	紅茶
B3L04-I-30		平溪
B3L04-I-31		元宵節
B3L04-I-32		孔廟
B3L04-I-33		校外教學
B3L04-I-34		碰到
B3L04-I-35		水煎包
B3L04-II-01	N	同事
B3L04-II-02	N	美食
B3L04-II-03	V	上
B3L04-II-04	V	泡
B3L04-II-05	Vpt	錯過
B3L04-II-06	Vi	營業
B3L04-II-07	N	夜景
B3L04-II-08	Vs	古老
B3L04-II-09	N	古蹟
B3L04-II-10	Vst	重視
B3L04-II-11	N	歷史
B3L04-II-12	N	風俗
B3L04-II-13	N	習慣
B3L04-II-14	Vs	道地
B3L04-II-15	N	粥
B3L04-II-16	Vst	講究
B3L04-II-17	M	頓
B3L04-II-18	N	速度
B3L04-II-19	Vs	窄
B3L04-II-20	N	街道
B3L04-II-21	V	蓋
B3L04-II-22	Vi	待
B3L04-II-23	V	欣賞
B3L04-II-24	Vs	美麗
B3L04-II-25		鈴木
B3L04-II-26		赤崁樓
B3L04-II-27		留下來
B3L04-II-28		木造
B3L04-II-29		非去不可
B3L05-I-01	Vst	流行
B3L05-I-02	Ptc	唉
B3L05-I-03	N	演唱會
B3L05-I-04	Vs	塞車
B3L05-I-05	V-sep	上線
B3L05-I-06	Vp	成功
B3L05-I-07	Vs	倒楣
B3L05-I-08	N	樂團
B3L05-I-09	V	唱
B3L05-I-10	Vs	興奮
B3L05-I-11	Vst	迷
B3L05-I-12	N	歌詞
B3L05-I-13	Vs	難過
B3L05-I-14	Vst	不如
B3L05-I-15	N	現場
B3L05-I-16	Vi	跳
B3L05-I-17	Det	整
B3L05-I-18	Vi	震動
B3L05-I-19	N	漫畫
B3L05-I-20	N	內容
B3L05-I-21	Vs	色情
B3L05-I-22	Vst	放鬆
B3L05-I-23	N	心情
B3L05-I-24		五月天
B3L05-I-25		算了
B3L05-I-26		受歡迎
B3L05-I-27		擠滿
B3L05-I-28		租書店
B3L05-I-29		平板電腦
B3L05-I-30		智慧型手機
B3L05-I-31		殺時間
B3L05-I-32		漫畫展
B3L05-I-33		來不及
B3L05-II-01	Vs	撞衫
B3L05-II-02	N	它
B3L05-II-03	V	塞
B3L05-II-04	N	當季
B3L05-II-05	N	款式
B3L05-II-06	N	連續劇
B3L05-II-07	N	主角
B3L05-II-08	Vs	甜美
B3L05-II-09	V	寄
B3L05-II-10	Adv	居然
B3L05-II-11	V	害
B3L05-II-12	Conj	既然
B3L05-II-13	N	服裝
B3L05-II-14	N	媒體
B3L05-II-15	N	方式
B3L05-II-16	Vst	吸引
B3L05-II-17	V	避免
B3L05-II-18	N	包包
B3L05-II-19	N	商人
B3L05-II-20	N	產品
B3L05-II-21	N	電子
B3L05-II-22	N	市場
B3L05-II-23	Vs-attr	新型
B3L05-II-24	Vs	落伍
B3L05-II-25	N	知音
B3L05-II-26	V	想像
B3L05-II-27	N	喇叭褲
B3L05-II-28	N	印象
B3L05-II-29	N	遊戲
B3L05-II-30	V-sep	化妝
B3L05-II-31		一模一樣
B3L05-II-32		淺藍色
B3L05-II-33		脫掉
B3L05-II-34		小題大作
B3L05-II-35		推出
B3L06-I-01		李文彥
B3L06-I-02	N	表哥
B3L06-I-03	Adv	隨便
B3L06-I-04	V	種
B3L06-I-05	N	蔬菜
B3L06-I-06	N	農夫
B3L06-I-07	V	減少
B3L06-I-08	N	農藥
B3L06-I-09	Vs-attr	天然
B3L06-I-10	N	堆肥
B3L06-I-11	Vs	辛苦
B3L06-I-12	N	地位
B3L06-I-13	N	收入
B3L06-I-14	N	利潤
B3L06-I-15	N	屋子
B3L06-I-16	N	番茄
B3L06-I-17	N	品種
B3L06-I-18	N	氣候
B3L06-I-19	Vi	長
B3L06-I-20	Vp	熟
B3L06-I-21	M	片
B3L06-I-22	N	田
B3L06-I-23	V	照顧
B3L06-I-24	Vaux	敢
B3L06-I-25	N	條件
B3L06-I-26	Vp	黑
B3L06-I-27		摘下來
B3L06-I-28		做不動
B3L06-I-29		基因改造
B3L06-I-30		忙得過來
B3L06-I-31		開玩笑
B3L06-I-32		看天吃飯
B3L06-II-01	N	小農
B3L06-II-02	N	市集
B3L06-II-03	N	食材
B3L06-II-04	N	產地
B3L06-II-05	Adv	盡量
B3L06-II-06	Vs	友善
B3L06-II-07	V	對待
B3L06-II-08	N	土地
B3L06-II-09	Vst	信任
B3L06-II-10	Vst	寧可
B3L06-II-11	Vi	跑
B3L06-II-12	V	支持
B3L06-II-13	N	文章
B3L06-II-14	V	推銷
B3L06-II-15	N	其中
B3L06-II-16	N	師傅
B3L06-II-17	N	農村
B3L06-II-18	Vi	長大
B3L06-II-19	V	幫助
B3L06-II-20	V	拜訪
B3L06-II-21	V	出產
B3L06-II-22	Conj	由於
B3L06-II-23	Det	許多
B3L06-II-24	Vst	接近
B3L06-II-25	N	自然
B3L06-II-26	Vpt	變成
B3L06-II-27	Vs	休閒
B3L06-II-28	Prep	隨著
B3L06-II-29	Vi	觀光
B3L06-II-30	Vi	消費
B3L06-II-31	Vs	安靜
B3L06-II-32	Vp	消失
B3L06-II-33		出問題
B3L06-II-34		一方面
B3L07-I-01	Vs	親
B3L07-I-02	N	爺爺
B3L07-I-03	N	鄰居
B3L07-I-04	N	狗
B3L07-I-05	Vi	叫
B3L07-I-06	Ptc	嗯
B3L07-I-07	N	奶奶
B3L07-I-08	Vp	過世
B3L07-I-09	V	領養
B3L07-I-10	M	隻
B3L07-I-11	Vs	可愛
B3L07-I-12	Vs	孤單
B3L07-I-13	N	牠
B3L07-I-14	Vs	髒
B3L07-I-15	V-sep	洗澡
B3L07-I-16	V	養
B3L07-I-17	Adv	亂
B3L07-I-18	V	咬
B3L07-I-19	V	打
B3L07-I-20	Vp	分手
B3L07-I-21	Vs	緊張
B3L07-I-22	V	減輕
B3L07-I-23	V	送
B3L07-I-24	N	美容院
B3L07-I-25	N	推車
B3L07-I-26	N	主人
B3L07-I-27	Vi	相處
B3L07-I-28	V	生
B3L07-I-29	N	寵物
B3L07-I-30	Vs	單身
B3L07-I-31	N	醫院
B3L07-I-32	N	意見
B3L07-I-33	V	建立
B3L07-I-34	V-sep	散步
B3L07-I-35	N	家庭
B3L07-I-36	Vs-attr	真正
B3L07-I-37	N	幸福
B3L07-I-38		跌倒
B3L07-I-39		當成
B3L07-I-40		忍不住
B3L07-II-01	Vs-attr	多元
B3L07-II-02	N	阿姨
B3L07-II-03	N	先生
B3L07-II-04	V-sep	下班
B3L07-II-05	V	改
B3L07-II-06	N	公公
B3L07-II-07	Adv	全
B3L07-II-08	V	靠
B3L07-II-09	Vs-attr	單親
B3L07-II-10	N	貴族
B3L07-II-11	N	時代
B3L07-II-12	Vs	強
B3L07-II-13	V	追
B3L07-II-14	Vs	自由
B3L07-II-15	Vs	獨立
B3L07-II-16	V	安排
B3L07-II-17	Vst	享受
B3L07-II-18	N	身邊
B3L07-II-19	N	伴
B3L07-II-20	Vi	同居
B3L07-II-21	Vp	成家
B3L07-II-22	V	負擔
B3L07-II-23	V-sep	養家
B3L07-II-24	N	責任
B3L07-II-25	Vs	亂
B3L07-II-26	V	教養
B3L07-II-27	V	接受
B3L07-II-28	V	組成
B3L07-II-29	Vs	道德
B3L07-II-30	Conj	因此
B3L07-II-31	Vs	完整
B3L07-II-32		美真
B3L07-II-33		家華
B3L07-II-34		風雲人物
B3L07-II-35		下決心
B3L08-I-01	N	整夜
B3L08-I-02	V	開
B3L08-I-03	N	燈
B3L08-I-04	N	電玩
B3L08-I-05	N	球賽
B3L08-I-06	Vs	激動
B3L08-I-07	Vi	喊
B3L08-I-08	N	公職
B3L08-I-09	Adv	其實
B3L08-I-10	N	公務員
B3L08-I-11	Vs	煩
B3L08-I-12	Vs-sep	聽話
B3L08-I-13	N	失業率
B3L08-I-14	M	門
B3L08-I-15	V-sep	讀書
B3L08-I-16	N	學分
B3L08-I-17	V	修
B3L08-I-18	Vs	專心
B3L08-I-19	V-sep	修課
B3L08-I-20	N	輔系
B3L08-I-21	Vp	瘋
B3L08-I-22	Vs	誇張
B3L08-I-23	V	舉行
B3L08-I-24	Vs	遺憾
B3L08-I-25	N	兒子
B3L08-I-26	N	期望
B3L08-I-27	N	狀元
B3L08-I-28	Vs	努力
B3L08-I-29		怎麼回事
B3L08-I-30		大喊大叫
B3L08-I-31		期中考
B3L08-I-32		密集班
B3L08-I-33		畢業展
B3L08-I-34		服裝設計
B3L08-I-35		醫學系
B3L08-I-36		行行出狀元
B3L08-II-01	N	冠軍
B3L08-II-02	N	大賽
B3L08-II-03	Vpt	通過
B3L08-II-04	Vs-attr	高級
B3L08-II-05	N	碩士
B3L08-II-06	N	面試
B3L08-II-07	Adv	卻
B3L08-II-08	N	國中
B3L08-II-09	N	學歷
B3L08-II-10	V	拒絕
B3L08-II-11	Vpt	引起
B3L08-II-12	N	彈性
B3L08-II-13	V	改變
B3L08-II-14	N	制度
B3L08-II-15	N	基礎
B3L08-II-16	Vs	認真
B3L08-II-17	Vs	公平
B3L08-II-18	Vp	出生
B3L08-II-19	Vs	窮
B3L08-II-20	N	父親
B3L08-II-21	N	母親
B3L08-II-22	N	學徒
B3L08-II-23	Vs-sep	吃苦
B3L08-II-24	Vst	明白
B3L08-II-25	V-sep	當兵
B3L08-II-26	Vi	認字
B3L08-II-27	V	烘焙
B3L08-II-28	V	學習
B3L08-II-29	N	技術
B3L08-II-30	N	藝術
B3L08-II-31	Prep	經過
B3L08-II-32	Adv	終於
B3L08-II-33	N	億
B3L08-II-34	N	夢想
B3L08-II-35	Vpt	成為
B3L08-II-36	N	企業家
B3L08-II-37	N	分店
B3L08-II-38	N	原因
B3L08-II-39	V	錄取
B3L08-II-40	Vs	成功
B3L08-II-41	V	鼓勵
B3L08-II-42		吳寶春
B3L08-II-43		新加坡
B3L08-II-44		日文
B3L08-II-45		世界麵包大賽
B3L08-II-46		EMBA（高級管理人員 工商管理碩士）
B3L08-II-46		EMBA（高級管理人員工商管理碩士）
B3L08-II-46		高級管理人員工商管理碩士
B3L08-II-47		小時候
B3L08-II-48		大開眼界
B3L08-II-49		X 分之 Y
B3L08-II-49		X分之Y
B3L09-I-01	N	訂單
B3L09-I-02	N	客戶
B3L09-I-03	V	方便
B3L09-I-04	V	訂購
B3L09-I-05	V	成立
B3L09-I-06	N	假日
B3L09-I-07	V	販賣
B3L09-I-08	N	阿嬤
B3L09-I-09	N	中間商
B3L09-I-10	V	經營
B3L09-I-11	Vi	宅配
B3L09-I-12	V	下
B3L09-I-13	Adv	既
B3L09-I-14	Adv	隨時
B3L09-I-15	V	搜尋
B3L09-I-16	N	冰箱
B3L09-I-17	Vs-sep	吃虧
B3L09-I-18	V-sep	比價
B3L09-I-19	N	風險
B3L09-I-20	N	賣家
B3L09-I-21	Vaux	必須
B3L09-I-22	N	信用
B3L09-I-23	Conj	萬一
B3L09-I-24	Vst	滿意
B3L09-I-25	N	以內
B3L09-I-26	Vs	普遍
B3L09-I-27	V	選擇
B3L09-I-28		網購
B3L09-I-29		貨比三家不吃虧
B3L09-I-30		兩成
B3L09-II-01	N	鳳梨
B3L09-II-02	N	農產品
B3L09-II-03	V	出口
B3L09-II-04	Adv	曾經
B3L09-II-05	Vst	占
B3L09-II-06	N	成本
B3L09-II-07	N	價格
B3L09-II-08	Vi	競爭
B3L09-II-09	N	好運
B3L09-II-10	N	內餡
B3L09-II-11	V	當做
B3L09-II-12	N	喜餅
B3L09-II-13	Vst	喜愛
B3L09-II-14	N	茶點
B3L09-II-15	N	商機
B3L09-II-16	V	代表
B3L09-II-17	N	政府
B3L09-II-18	V	舉辦
B3L09-II-19	N	產值
B3L09-II-20	V	提高
B3L09-II-21	Vs	知名
B3L09-II-22	Vp	出現
B3L09-II-23	N	科技
B3L09-II-24		( 台 ) 斤
B3L09-II-24	M	(台)斤
B3L09-II-24	M	（台）斤
B3L09-II-25	N	叔叔
B3L09-II-26	N	口味
B3L09-II-27	Adv	結果
B3L09-II-28	V	購買
B3L09-II-29	V	改善
B3L09-II-30	Conj	並且
B3L09-II-31	V	行銷
B3L09-II-32	V	團購
B3L09-II-33	N	店面
B3L09-II-34	Det	全
B3L09-II-35		閩南語
B3L09-II-36		旺來
B3L09-II-37		東京
B3L09-II-38		鳳梨酥
B3L09-II-39		第二位
B3L09-II-40		鳳梨農
B3L10-I-01	V-sep	住院
B3L10-I-02	N	臉
B3L10-I-03	Vp-sep	受傷
B3L10-I-04	V	撞
B3L10-I-05	V	遵守
B3L10-I-06	N	規則
B3L10-I-07	V-sep	報警
B3L10-I-08	N	急診室
B3L10-I-09	N	傷
B3L10-I-10	Vp	骨折
B3L10-I-11	N	片子
B3L10-I-12	V-sep	開刀
B3L10-I-13	N	病人
B3L10-I-14	N	情況
B3L10-I-15	Vs	緊急
B3L10-I-16	N	病床
B3L10-I-17	Vs	要命
B3L10-I-18	V-sep	打針
B3L10-I-19	Vi	止痛
B3L10-I-20	N	手術
B3L10-I-21	N	警察
B3L10-I-22	N	危險
B3L10-I-23	Ptc	至於
B3L10-I-24	N	部位
B3L10-I-25	Vp	恢復
B3L10-I-26	N	傷口
B3L10-I-27	Ptc	哎呀
B3L10-I-28		出車禍
B3L10-I-29		趕時間
B3L10-I-30		撞倒
B3L10-I-31		救護車
B3L10-I-32		照 X 光
B3L10-I-32		照X光
B3L10-I-32		照Ｘ光
B3L10-I-33		動手術
B3L10-II-01	N	醫美
B3L10-II-02	Vs	合理
B3L10-II-03	V-sep	休假
B3L10-II-04	Vs	迷人
B3L10-II-05	N	職場
B3L10-II-06	N	競爭力
B3L10-II-07	N	調查
B3L10-II-08	V-sep	整型
B3L10-II-09	V	增加
B3L10-II-10	N	自信
B3L10-II-11	N	外表
B3L10-II-12	Vs	普通
B3L10-II-13	V	從事
B3L10-II-14	V	醫治
B3L10-II-15	Adv	一向
B3L10-II-16	Vs-attr	一般
B3L10-II-17	Vs-attr	主要
B3L10-II-18	N	待遇
B3L10-II-19	Vs-attr	公立
B3L10-II-20	N	外科
B3L10-II-21	Vpt	超過
B3L10-II-22	M	倍
B3L10-II-23	Det	另
B3L10-II-24	N	價值觀
B3L10-II-25	Vst	尊敬
B3L10-II-26	V	告
B3L10-II-27	Adv	平均
B3L10-II-28	N	醫療
B3L10-II-29	V	怪
B3L10-II-30		愛林
B3L10-II-31		微整型
B3L10-II-31		微整形
B3L10-II-32		數一數二
B3L10-II-33		人際關係
B3L10-II-34		動不動就
B3L10-II-35		找回
B3L11-I-01	V	建
B3L11-I-02	V	重建
B3L11-I-03	Adv	到底
B3L11-I-04	N	世紀
B3L11-I-05	N	貿易
B3L11-I-06	N	商業
B3L11-I-07	N	利益
B3L11-I-08	V	派
B3L11-I-09	N	軍隊
B3L11-I-10	V	燒
B3L11-I-11	N	城牆
B3L11-I-12	N	頭髮
B3L11-I-13	Adv	甚至
B3L11-I-14	V-sep	打仗
B3L11-I-15	N	少數
B3L11-I-16	V	開墾
B3L11-I-17	N	將軍
B3L11-I-18	N	軍人
B3L11-I-19	N	平原
B3L11-I-20	N	人口
B3L11-I-21	N	血統
B3L11-I-22	Ptc	嘍
B3L11-I-23	N	孫子
B3L11-I-24	N	領土
B3L11-I-25	N	男性
B3L11-I-26	V	禁止
B3L11-I-27	V	娶
B3L11-I-28	Vst	相信
B3L11-I-29	Vs	精彩
B3L11-I-30		紅毛城
B3L11-I-31		東方
B3L11-I-32		淡水
B3L11-I-33		漢人
B3L11-I-34		鄭成功
B3L11-I-35		明朝
B3L11-I-36		中南美洲
B3L11-I-37		清朝
B3L11-I-38		大清帝國
B3L11-I-39		輪到
B3L11-I-40		十七世紀初
B3L11-I-41		打敗
B3L11-I-42		十七世紀末
B3L11-II-01	N	餐桌
B3L11-II-02	N	中式
B3L11-II-03	M	套
B3L11-II-04	N	燒餅
B3L11-II-05	N	油條
B3L11-II-06	N	飯糰
B3L11-II-07	N	豆漿
B3L11-II-08	N	內戰
B3L11-II-09	N	人民
B3L11-II-10	N	攤子
B3L11-II-11	N	菜單
B3L11-II-12	N	蘿蔔
B3L11-II-13	Adv	接著
B3L11-II-14	N	戰爭
B3L11-II-15	Vs	不斷
B3L11-II-16	Vi	遷移
B3L11-II-17	Adv	多半
B3L11-II-18	Vs	困難
B3L11-II-19	Vs	節儉
B3L11-II-20	N	主婦
B3L11-II-21	V	煎
B3L11-II-22	N	菜色
B3L11-II-23	Conj	以及
B3L11-II-24	Vs	美味
B3L11-II-25	N	點心
B3L11-II-26	N	日式
B3L11-II-27	N	飲食
B3L11-II-28	Vs	深
B3L11-II-29		蔣介石
B3L11-II-30		國共內戰
B3L11-II-31		客家人
B3L11-II-32		閩南人
B3L11-II-33		蛋餅
B3L11-II-34		打輸
B3L11-II-35		擺攤子
B3L11-II-36		蘿蔔糕
B3L11-II-37		烹飪課
B3L11-II-38		曬乾
B3L11-II-39		各種各樣
B3L11-II-40		殖民統治
B3L11-II-41		味噌湯
B3L11-II-42		蘿蔔乾
B3L11-II-43		進一步
B3L12-I-01	V-sep	投票
B3L12-I-02	Vs	抱歉
B3L12-I-03	N	表妹
B3L12-I-04	Vs-attr	反核
B3L12-I-05	N	遊行
B3L12-I-06	N	政治
B3L12-I-07	Vst	熱衷
B3L12-I-08	N	前途
B3L12-I-09	V	勸
B3L12-I-10	Ptc	而已
B3L12-I-11	Vs	民主
B3L12-I-12	V	表達
B3L12-I-13	Vs-attr	公共
B3L12-I-14	N	議題
B3L12-I-15	N	核能
B3L12-I-16	N	電廠
B3L12-I-17	Prep	由
B3L12-I-18	N	專家
B3L12-I-19	Adv	全面
B3L12-I-20	N	民意
B3L12-I-21	N	代表
B3L12-I-22	V	處理
B3L12-I-23	N	政黨
B3L12-I-24	Adv	難道
B3L12-I-25	Vpt	滿
B3L12-I-26	N	憲法
B3L12-I-27	N	投票權
B3L12-I-28	N	選舉
B3L12-I-29	N	權利
B3L12-I-30	V	表示
B3L12-I-31	Vpt	反映
B3L12-I-32	Prep	為
B3L12-I-33	V	服務
B3L12-I-34	N	職位
B3L12-I-35	N	任期
B3L12-I-36	N	選民
B3L12-I-37	Vs	完美
B3L12-I-38	Vs	積極
B3L12-I-39	Vs-attr	最佳
B3L12-I-40	N	推銷員
B3L12-I-41		有道理
B3L12-I-42		候選人
B3L12-II-01	N	學術界
B3L12-II-02	Vi	從政
B3L12-II-03	N	政策
B3L12-II-04	Vs	安定
B3L12-II-05	Vp	辭
B3L12-II-06	N	頭腦
B3L12-II-07	N	改革
B3L12-II-08	N	看法
B3L12-II-09	N	教育
B3L12-II-10	N	方面
B3L12-II-11	V	得到
B3L12-II-12	V	連任
B3L12-II-13	M	屆
B3L12-II-14	N	支持度
B3L12-II-15	Vp	落選
B3L12-II-16	N	得票率
B3L12-II-17	N	預期
B3L12-II-18	Adv	暫時
B3L12-II-19	N	老家
B3L12-II-20	N	形象
B3L12-II-21	V	商量
B3L12-II-22	N	人脈
B3L12-II-23	N	弱勢
B3L12-II-24	Vp	退休
B3L12-II-25	N	事業
B3L12-II-26	V	捐
B3L12-II-27	Adv	義務
B3L12-II-28	N	經費
B3L12-II-29	V	競選
B3L12-II-30	Adv	也許
B3L12-II-31	N	政治界
B3L12-II-32	N	權力
B3L12-II-33		辭掉
B3L12-II-34		提出
B3L12-II-35		國民年金
B3L12-II-36		中間選民
B3L12-II-37		一陣子
B3L12-II-38		下一步
B3L12-II-39		盡可能
B3L12-II-40		出版社
B3L12-II-41		捐出
B3L12-II-42		二手書
B4L01-I-01		小玲
B4L01-I-02		阿建
B4L01-I-03	N	聊天室
B4L01-I-04	N	上班族
B4L01-I-05	Conj	與其
B4L01-I-06	Vs	冷清
B4L01-I-07	Vi	高就
B4L01-I-08	N	部門
B4L01-I-09	Vs	厲害
B4L01-I-10	V-sep	加班
B4L01-I-11	M	類
B4L01-I-12	N	恐怖片
B4L01-I-13	N	愛情片
B4L01-I-14	Vp	嚇
B4L01-I-15	V	哭
B4L01-I-16	Vp	上癮
B4L01-I-17	Vs	刺激
B4L01-I-18	Adv	簡直
B4L01-I-19	N	膽子
B4L01-I-20	M	部
B4L01-I-21	N	限制級
B4L01-I-22	N	電影院
B4L01-I-23	Ptc	呃
B4L01-I-24		建設公司
B4L01-I-25		業務經理
B4L01-I-26		室內設計
B4L01-II-01	Vs	溫暖
B4L01-II-02	Adv	目前
B4L01-II-03	M	所
B4L01-II-04	Vi	就讀
B4L01-II-05	Adv	不至於
B4L01-II-06	Conj	但
B4L01-II-07	Vp	放學
B4L01-II-08	N	後
B4L01-II-09	V	解決
B4L01-II-10	Vs	寂寞
B4L01-II-11	N	網友
B4L01-II-12	V	陪伴
B4L01-II-13	N	電腦
B4L01-II-14	V	進入
B4L01-II-15	N	線上
B4L01-II-16	N	感情
B4L01-II-17	Vs	小氣
B4L01-II-18	N	時
B4L01-II-19	Adv	往往
B4L01-II-20	Vi	打氣
B4L01-II-21	V	安慰
B4L01-II-22	N	心裡
B4L01-II-23	Vs	大膽
B4L01-II-24	V	紓解
B4L01-II-25	V	轉換
B4L01-II-26	Vs-attr	虛擬
B4L01-II-27	Vs	現實
B4L01-II-28	N	心理
B4L01-II-29	Conj	即使
B4L01-II-30	V	責備
B4L01-II-31	N	期待
B4L01-II-32	V-sep	喘氣
B4L01-II-33	Vs	自在
B4L01-II-34	Vi	交友
B4L01-II-35	N	暴力
B4L01-II-36	V	點
B4L01-II-37	Vst	懂得
B4L01-II-38	N	陷阱
B4L01-II-39		明星高中
B4L01-II-40		早出晚歸
B4L01-II-40		造出晚歸
B4L01-II-41		打開
B4L01-II-42		喘不過氣
B4L01-II-43		躲進
B4L01-II-44		掉進
B4L02-I-01		李雲真
B4L02-I-02	N	眼睛
B4L02-I-03	N	耳朵
B4L02-I-04	N	饗宴
B4L02-I-05	V	打扮
B4L02-I-06	N	音樂廳
B4L02-I-07	N/V	表演
B4L02-I-08	Vs	整齊
B4L02-I-09	N	穿著
B4L02-I-10	Vs-sep	丟臉
B4L02-I-11	N	短褲
B4L02-I-12	N	涼鞋
B4L02-I-13	V	擋
B4L02-I-14	N	演出者
B4L02-I-15	Vst	尊重
B4L02-I-16	N	社交
B4L02-I-17	Conj	免得
B4L02-I-18	N	中場
B4L02-I-19	Vs	準時
B4L02-I-20	N	禮貌
B4L02-I-21	Conj	或
B4L02-I-22	Vs	熟
B4L02-I-23	V	提
B4L02-I-24	Vi	咳嗽
B4L02-I-25	V	關
B4L02-I-26	Ptc	哇
B4L02-I-27	N	水準
B4L02-I-28	N	手冊
B4L02-I-29	N	洗手間
B4L02-I-30	V	提醒
B4L02-I-31	Vp	響
B4L02-I-32	Vs	糟
B4L02-I-33	Ptc	噓
B4L02-I-34		看不成
B4L02-I-35		聯絡感情
B4L02-I-36		擤鼻涕
B4L02-II-01	M	場
B4L02-II-02	V	強調
B4L02-II-03	N	團體
B4L02-II-04	Adv	千萬
B4L02-II-05	N	鋼琴
B4L02-II-06	N	小提琴
B4L02-II-07	Vs	古典
B4L02-II-08	N	畫家
B4L02-II-09	V/N	畫
B4L02-II-10	N	舞蹈
B4L02-II-11	N	文學
B4L02-II-12	N	繪畫
B4L02-II-13	Ptc	等
B4L02-II-14	N	寺廟
B4L02-II-15	V/N	表現
B4L02-II-16	Ptc	之
B4L02-II-17	N	劇情
B4L02-II-18	N	導演
B4L02-II-19	Ptc	所
B4L02-II-20	Vs	紅
B4L02-II-21	N	明星
B4L02-II-22	N	演技
B4L02-II-23	Vpt	得
B4L02-II-23	Vpt	得 (get)
B4L02-II-24	N	獎
B4L02-II-25	N	廣場
B4L02-II-26	Conj	或
B4L02-II-27	Adv	仔細
B4L02-II-28	Vst	留意
B4L02-II-29	Adv	處處
B4L02-II-30	Vst	滿足
B4L02-II-31	Vs	豐盛
B4L02-II-32		國家戲劇院
B4L02-II-33		雲門舞集
B4L02-II-34		國家音樂廳
B4L02-II-35		金馬影展
B4L02-II-36		現代舞
B4L02-II-37		無人不知 無人不曉
B4L02-II-37		無人不知無人不曉
B4L02-II-37		無人不知，無人不曉
B4L02-II-38		百聞不如一見
B4L02-II-39		老街
B4L02-II-40		街頭藝術
B4L02-II-41		裝置藝術
B4L02-II-42		填飽
B4L02-II-43		口腹之慾
B4L03-I-01		李文麗
B4L03-I-02	N	外婆
B4L03-I-03	N	女裝
B4L03-I-04	Adv	何必
B4L03-I-05	Vst	指
B4L03-I-06	Vs	划算
B4L03-I-07	N	身材
B4L03-I-08	N	模特兒
B4L03-I-09	Adv	不見得
B4L03-I-10	N	仿冒品
B4L03-I-11	N	瑕疵
B4L03-I-12	N	圖片
B4L03-I-13	N	落差
B4L03-I-14	V	提供
B4L03-I-15	N	資訊
B4L03-I-16	N	疑問
B4L03-I-17	Ptc	嘛
B4L03-I-18	Ptc	慣
B4L03-I-19	V	瀏覽
B4L03-I-20	Vs	後悔
B4L03-I-21	N	深夜
B4L03-I-22	Det	任何
B4L03-I-23	N	駭客
B4L03-I-24	V	盜用
B4L03-I-25	V/N	認證
B4L03-I-26	N	銀髮族
B4L03-I-27	N	從前
B4L03-I-28	Adv	通常
B4L03-I-29	V-sep	取貨
B4L03-I-30	V-sep	付款
B4L03-I-31		雲端科技
B4L03-I-32		宅經濟
B4L03-I-33		用不慣
B4L03-I-34		退換
B4L03-I-35		信用卡
B4L03-II-01	Vpt	縮短
B4L03-II-02	N	人們
B4L03-II-03	N	距離
B4L03-II-04	V	取代
B4L03-II-05	N	信
B4L03-II-06	N	影集
B4L03-II-07	V	取得
B4L03-II-08	Vst	例如
B4L03-II-09	N	民眾
B4L03-II-10	N	高速公路
B4L03-II-11	N	前
B4L03-II-12	V	查詢
B4L03-II-13	N	路況
B4L03-II-14	V	避開
B4L03-II-15	N	路段
B4L03-II-16	Conj	若
B4L03-II-17	V	運用
B4L03-II-18	N	病歷
B4L03-II-19	N	例子
B4L03-II-20	Adv	更加
B4L03-II-21	Adv	原本
B4L03-II-22	Vs	忙碌
B4L03-II-23	Adv	確實
B4L03-II-24	V	控制
B4L03-II-25	N	表弟
B4L03-II-26	Vp	退步
B4L03-II-27	Adv	過度
B4L03-II-28	Conj	與
B4L03-II-29	N	生理
B4L03-II-30	V	盯
B4L03-II-31	N	螢幕
B4L03-II-32	Vs	疲倦
B4L03-II-33	N	視力
B4L03-II-34	N	家長
B4L03-II-35	Conj	此外
B4L03-II-36	N	戶外
B4L03-II-37	N	人類
B4L03-II-38	Vs	正面
B4L03-II-39	Adv	同時
B4L03-II-40	Vs	負面
B4L03-II-41	Vs	沉迷
B4L03-II-42		無形中
B4L03-II-43		遠距教學
B4L03-II-44		大吵大鬧
B4L03-II-45		焦慮不安
B4L03-II-46		總而言之
B4L04-I-01	Vaux	該
B4L04-I-02	V	擺
B4L04-I-03	Adv	總算
B4L04-I-04	Ptc	欸
B4L04-I-05	Ptc	呀
B4L04-I-06	N	衣櫥
B4L04-I-07	N	梳妝台
B4L04-I-08	N	位置
B4L04-I-09	N	空間
B4L04-I-10	N	科學
B4L04-I-11	N	風水師
B4L04-I-12	Vs	在意
B4L04-I-13	V	所謂
B4L04-I-14	N	角度
B4L04-I-15	V	改造
B4L04-I-16	N	學問
B4L04-I-17	Vi	居住
B4L04-I-18	Vs-attr	日常
B4L04-I-19	N/V	布置
B4L04-I-20	Vs	凶猛
B4L04-I-21	N	動物
B4L04-I-22	N	刀
B4L04-I-23	N	劍
B4L04-I-24	N	脾氣
B4L04-I-25	Vs	暴躁
B4L04-I-26	Vs	衝動
B4L04-I-27	N	鏡子
B4L04-I-28	N	床腳
B4L04-I-29	Adv	光
B4L04-I-30	N	擺飾
B4L04-I-31	N	老婆
B4L04-I-32	M	把
B4L04-I-33	V	欺負
B4L04-I-34		風水學
B4L04-I-35		正對門
B4L04-I-36		譬如說
B4L04-I-37		一口氣
B4L04-I-38		死定了
B4L04-II-01	N	地理
B4L04-II-02	N	便利性
B4L04-II-03	N	周邊
B4L04-II-04	N	住宅
B4L04-II-05	N	詞
B4L04-II-06	N	西元
B4L04-II-07	V	推翻
B4L04-II-08	N	心中
B4L04-II-09	N	名言
B4L04-II-10	V	建造
B4L04-II-11	V	塑造
B4L04-II-12	N	命運
B4L04-II-13	N	本身
B4L04-II-14	N	地標
B4L04-II-15	V/N	參考
B4L04-II-16	N	外觀
B4L04-II-17	V	疊
B4L04-II-18	N	盆子
B4L04-II-19	Vs	斜
B4L04-II-20	N	牆面
B4L04-II-21	N	聚寶盆
B4L04-II-22	N	角
B4L04-II-23	N	龍
B4L04-II-24	Vs-attr	古
B4L04-II-25	N	錢幣
B4L04-II-26	N	屋頂
B4L04-II-27	N	龜
B4L04-II-28	Vi	招財
B4L04-II-29	N	側門
B4L04-II-30	N	遮雨棚
B4L04-II-31	N	如意
B4L04-II-32	N/V	設計
B4L04-II-33	Vs	偶然
B4L04-II-34		晉代
B4L04-II-35		郭璞
B4L04-II-36		英國
B4L04-II-37		邱吉爾
B4L04-II-38		信義路
B4L04-II-39		松智路
B4L04-II-40		一命二運三風水
B4L04-II-41		加起來
B4L04-II-42		咬錢龜
B4L04-II-43		十全十美
B4L05-I-01	N	夢
B4L05-I-02	V-sep	排隊
B4L05-I-03	N	校刊
B4L05-I-04	V	採訪
B4L05-I-05	N	校友
B4L05-I-06	N	博士
B4L05-I-07	N	學位
B4L05-I-08	V	考
B4L05-I-09	N	司機
B4L05-I-10	N	學士
B4L05-I-11	N	地攤
B4L05-I-12	N	現象
B4L05-I-13	Vs	稀奇
B4L05-I-14	V	搶
B4L05-I-15	V	批評
B4L05-I-16	Vst	浪費
B4L05-I-17	Adv	畢竟
B4L05-I-18	V	貢獻
B4L05-I-19	Adv	的確
B4L05-I-20	Adv	盲目
B4L05-I-21	Vi	升學
B4L05-I-22	V	逃避
B4L05-I-23	N/Vi	就業
B4L05-I-24	V	延後
B4L05-I-25	N	啃老族
B4L05-I-26	V-sep	收攤
B4L05-I-27		清潔隊員
B4L05-I-28		擺地攤
B4L05-I-29		大多數
B4L05-I-30		話說回來
B4L05-I-31		自食其力
B4L05-I-32		下一期
B4L05-II-01	M	段
B4L05-II-02	N	物價
B4L05-II-03	Vp	上漲
B4L05-II-04	N	所得
B4L05-II-05	Vp	漲
B4L05-II-06	Adv	勉強
B4L05-II-07	Adv	根本
B4L05-II-08	N	組織
B4L05-II-09	V	抗議
B4L05-II-10	N	地價
B4L05-II-11	N	房價
B4L05-II-12	Vs	高漲
B4L05-II-13	Vpt	造成
B4L05-II-14	N	統計
B4L05-II-15	Vs	窮忙
B4L05-II-16	N	全球
B4L05-II-17	Vs	景氣
B4L05-II-18	V	施行
B4L05-II-19	N	薪資
B4L05-II-20	N	多年
B4L05-II-21	Adv	未
B4L05-II-22	V	調高
B4L05-II-23	Vi	裁員
B4L05-II-24	V	觀察
B4L05-II-25	N	彩券
B4L05-II-26	Vp-sep	中獎
B4L05-II-27	V-sep	做夢
B4L05-II-28	Vp-sep	發財
B4L05-II-29	N	臉色
B4L05-II-30	N	報導
B4L05-II-31	V	指出
B4L05-II-32	Vi	創業
B4L05-II-33	N	餐飲業
B4L05-II-34	N	人生
B4L05-II-35	Conj	及
B4L05-II-36	N	挑戰
B4L05-II-37	V	培養
B4L05-II-38	N	實力
B4L05-II-39	V	等待
B4L05-II-40	Vst	擁有
B4L05-II-41		中國大陸
B4L05-II-42		存不了
B4L05-II-43		無殼蝸牛
B4L05-II-44		貧富不均
B4L05-II-45		苦哈哈
B4L05-II-46		另謀發展
B4L05-II-47		恨不得
B4L05-II-48		一夜致富
B4L05-II-49		一片天
B4L06-I-01		高來恩
B4L06-I-02	N	地震
B4L06-I-03	Vp	搖
B4L06-I-04	Vs	厲害
B4L06-I-05	Adv	經常
B4L06-I-06	Vp	倒
B4L06-I-07	N	橋
B4L06-I-08	Vp	斷
B4L06-I-09	Adv	多
B4L06-I-10	N	地區
B4L06-I-11	Vs	強烈
B4L06-I-12	N	頻率
B4L06-I-13	V	預測
B4L06-I-14	N	徵兆
B4L06-I-15	N	鳥類
B4L06-I-16	N	雞
B4L06-I-17	Adv	預先
B4L06-I-18	N	老鼠
B4L06-I-19	N	貓
B4L06-I-20	N	馬
B4L06-I-21	V	證實
B4L06-I-22	Vi	應變
B4L06-I-23	Adv	隨手
B4L06-I-24	Adv	白
B4L06-I-25	Vst	嫌
B4L06-I-26	Adv	事前
B4L06-I-27	Adv	總是
B4L06-I-28		西歐
B4L06-I-29		北歐
B4L06-I-30		中歐
B4L06-I-31		澳洲
B4L06-I-32		南美洲
B4L06-I-33		地球科學
B4L06-I-34		菲律賓
B4L06-I-35		天搖地動
B4L06-I-36		壓死
B4L06-I-37		災情慘重
B4L06-I-38		東半部
B4L06-I-39		地震帶
B4L06-I-40		救生包
B4L06-I-41		有備無患
B4L06-II-01	Adv	如何
B4L06-II-02	Vi	逃生
B4L06-II-03	Vs	發達
B4L06-II-04	N	天災
B4L06-II-05	N	災害
B4L06-II-06	N	程度
B4L06-II-07	Adv	首先
B4L06-II-08	Adv	其次
B4L06-II-09	N	災難
B4L06-II-10	Vs	緊急
B4L06-II-11	N	必需品
B4L06-II-12	Vst	譬如
B4L06-II-13	N	手電筒
B4L06-II-14	N	餅乾
B4L06-II-15	N	平時
B4L06-II-16	N	狀況
B4L06-II-17	Vs	慌張
B4L06-II-18	Vp-sep	停電
B4L06-II-19	N	黑暗
B4L06-II-20	N	方向
B4L06-II-21	Vi	集合
B4L06-II-22	N	裂縫
B4L06-II-23	N	瓦斯
B4L06-II-24	N	開關
B4L06-II-25	N	火災
B4L06-II-26	N	門框
B4L06-II-27	Vp	歪
B4L06-II-28	N	頭部
B4L06-II-29	Vs	冷靜
B4L06-II-30	Vs	穩
B4L06-II-31	N	櫃子
B4L06-II-32	N	牆壁
B4L06-II-33	Vp	倒塌
B4L06-II-34	N	電梯
B4L06-II-35	Conj	反而
B4L06-II-36	Vs	堅固
B4L06-II-37	N	柱子
B4L06-II-38	V	碰
B4L06-II-39	V	形成
B4L06-II-40	N	三角形
B4L06-II-41	V	保持
B4L06-II-42	Vs	平靜
B4L06-II-43	N	指示
B4L06-II-44	Vi	救援
B4L06-II-45	N	行動
B4L06-II-46		掉下來
B4L06-II-47		倒下來
B4L06-II-48		救災人員
B4L07-I-01		博文
B4L07-I-02		玉珍
B4L07-I-03	N	學妹
B4L07-I-04	N	學弟
B4L07-I-05	V	彈
B4L07-I-06	N	吉他
B4L07-I-07	V	交
B4L07-I-08	N	家教
B4L07-I-09	N	學長
B4L07-I-10	Adv	還
B4L07-I-11	N	進度
B4L07-I-12	Vp	落後
B4L07-I-13	Vpt	完成
B4L07-I-14	Adv	一連
B4L07-I-15	V-sep	約會
B4L07-I-16	N	一生
B4L07-I-17	N	時光
B4L07-I-18	Vp	倒流
B4L07-I-19	V	加強
B4L07-I-20	Adv	至少
B4L07-I-21	N/V	訓練
B4L07-I-22	N	外國
B4L07-I-23	V	爭取
B4L07-I-24	Vi	實習
B4L07-I-25		二分之一
B4L07-I-26		一下...一下...
B4L07-I-27		到時候
B4L07-I-28		談戀愛
B4L07-I-29		低空飛過
B4L07-I-30		有助於
B4L07-I-31		寒暑假
B4L07-II-01	V	暗戀
B4L07-II-02	N	目光
B4L07-II-03	Vi	移動
B4L07-II-04	Conj	於是
B4L07-II-05	Adv	原來
B4L07-II-06	Vs	煩惱
B4L07-II-07	V	擔任
B4L07-II-08	N	學生會
B4L07-II-09	N	會長
B4L07-II-10	N	校隊
B4L07-II-11	N	隊員
B4L07-II-12	Vs	高大
B4L07-II-13	Vs	帥氣
B4L07-II-14	M	雙
B4L07-II-15	Vs	開朗
B4L07-II-16	Vi	微笑
B4L07-II-17	N	情人節
B4L07-II-18	Adv	親手
B4L07-II-19	N	巧克力
B4L07-II-20	N	當天
B4L07-II-21	M	堆
B4L07-II-22	Prep	向
B4L07-II-23	Vi	告白
B4L07-II-24	N	萬人迷
B4L07-II-25	Vi	交往
B4L07-II-26	N	系花
B4L07-II-27	V	追
B4L07-II-28	N	情書
B4L07-II-29	N	態度
B4L07-II-30	Vs	曖昧
B4L07-II-31	Vs	甜蜜
B4L07-II-32	Vs	溫柔
B4L07-II-33	N	訊息
B4L07-II-34	Vst	忌妒
B4L07-II-35	N	安全感
B4L07-II-36	Vp-sep	吃醋
B4L07-II-37	V-sep	吵架
B4L07-II-38	V	牽
B4L07-II-39	V	吻
B4L07-II-40	Vp-sep	劈腿
B4L07-II-41	Ptc	糟糕
B4L07-II-42		何清源
B4L07-II-43		林榮華
B4L07-II-44		一見鍾情
B4L07-II-45		一舉一動
B4L07-II-46		前一天
B4L07-II-47		已讀不回
B4L08-I-01		王麗華
B4L08-I-02		魯亞
B4L08-I-03	N	論文
B4L08-I-04	Adv	反正
B4L08-I-05	Adv	不只
B4L08-I-06	Ptc	哈
B4L08-I-07	V	代替
B4L08-I-08	Adv	獨自
B4L08-I-09	Adv	難免
B4L08-I-10	N	費用
B4L08-I-11	N	觀念
B4L08-I-12	N	代
B4L08-I-13	N	婚姻
B4L08-I-14	V	束縛
B4L08-I-15	V	追求
B4L08-I-16	Adv	倒是
B4L08-I-17	V	推行
B4L08-I-18	V/N	生育
B4L08-I-19	V/N	補助
B4L08-I-20	N	老人
B4L08-I-21	N	夫婦
B4L08-I-22	N	獨生子
B4L08-I-23	Vst	寵
B4L08-I-24	N	職業
B4L08-I-25	N	婦產科
B4L08-I-26	Vp	失業
B4L08-I-27	N	補習班
B4L08-I-28		不可思議
B4L08-I-29		有話直說
B4L08-I-30		娃娃推車
B4L08-I-31		不足為奇
B4L08-I-32		遠遠
B4L08-I-33		傳宗接代
B4L08-I-34		無拘無束
B4L08-I-35		老一輩
B4L08-I-36		一胎化政策
B4L08-I-37		這下子
B4L08-II-01	Adv	已
B4L08-II-02	N	生育率
B4L08-II-03	Vp-sep	離婚
B4L08-II-04	N	年齡
B4L08-II-05	Adv	較
B4L08-II-06	Vst	使
B4L08-II-07	N	行業
B4L08-II-08	Vs	重大
B4L08-II-09	N	幼稚園
B4L08-II-10	Vi	招生
B4L08-II-11	Vp-sep	減班
B4L08-II-12	Adv	將
B4L08-II-13	Vp	少子化
B4L08-II-14	Vs-attr	連鎖
B4L08-II-15	N	兒童
B4L08-II-16	N	美語
B4L08-II-17	Vp	倒閉
B4L08-II-18	Adv	何況
B4L08-II-19	Adv	無法
B4L08-II-20	N	未來
B4L08-II-21	N	遠景
B4L08-II-22	Vs	足夠
B4L08-II-23	V	加入
B4L08-II-24	Vp	老化
B4L08-II-25	Prep	針對
B4L08-II-26	M	項
B4L08-II-27	N	措施
B4L08-II-28	V-sep	減稅
B4L08-II-29	V	延長
B4L08-II-30	N	產假
B4L08-II-31	N	托育
B4L08-II-32	N	胎
B4L08-II-33	V	領
B4L08-II-34	N	元
B4L08-II-35	Vp	成年
B4L08-II-36	Conj	除非
B4L08-II-37	N	整體
B4L08-II-38	Conj	否則
B4L08-II-39	N	婦女
B4L08-II-40	N	意願
B4L08-II-41	N	祖父母
B4L08-II-42	N	孫女
B4L08-II-43	Vs	重
B4L08-II-44	N	預算
B4L08-II-45	N	財政
B4L08-II-46	Vs	沉重
B4L08-II-47	Vs	有效
B4L08-II-48	Adv	正
B4L08-II-49	V	考驗
B4L08-II-50	N	智慧
B4L08-II-51		之一
B4L08-II-52		寧缺勿濫
B4L08-II-53		合不來
B4L08-II-54		生兒育女
B4L08-II-55		獨善其身
B4L08-II-56		停滯不前
B4L09-I-01	Adv	逐漸
B4L09-I-02	N	據點
B4L09-I-03	V	統治
B4L09-I-04	N	景點
B4L09-I-05	Vs	繁榮
B4L09-I-06	N	港口
B4L09-I-07	V	據說
B4L09-I-08	N	鹿
B4L09-I-09	N	鹿群
B4L09-I-10	N	形狀
B4L09-I-11	N	鹿角
B4L09-I-12	Adv	便
B4L09-I-13	V	稱
B4L09-I-14	N	動物園
B4L09-I-15	N	皮
B4L09-I-16	V	殺
B4L09-I-17	N	數量
B4L09-I-18	N	風光
B4L09-I-19	N	民宅
B4L09-I-20	N	蚵仔煎
B4L09-I-21	Ptc	哦
B4L09-I-22	Vaux	該
B4L09-I-23	Vs	興盛
B4L09-I-24	N	時期
B4L09-I-25	N	獨木舟
B4L09-I-26	Vst	為
B4L09-I-27	V	載運
B4L09-I-28	V-sep	改名
B4L09-I-29	Vs	相似
B4L09-I-30	Vp	沒落
B4L09-I-31	Adv	依然
B4L09-I-32	V	保留
B4L09-I-33		鹿港
B4L09-I-34		艋舺
B4L09-I-35		淡水河
B4L09-I-36		萬華
B4L09-I-37		台語
B4L09-I-38		日語
B4L09-I-39		家喻戶曉
B4L09-I-40		滿山遍野
B4L09-I-41		古色古香
B4L09-I-42		綠豆糕
B4L09-I-43		牛舌餅
B4L09-I-44		垂涎三尺
B4L09-II-01	N	數目
B4L09-II-02	Adv	大約
B4L09-II-03	Vst	佔
B4L09-II-04	Prep	自從
B4L09-II-05	Adv	將近
B4L09-II-06	N	往來
B4L09-II-07	Vst	思念
B4L09-II-08	V-sep	通信
B4L09-II-09	Vst	毫無
B4L09-II-10	N	音訊
B4L09-II-11	Vst	遠離
B4L09-II-12	N	妻子
B4L09-II-13	N	永遠
B4L09-II-14	Vp	開放
B4L09-II-15	Vi	探親
B4L09-II-16	N	親人
B4L09-II-17	V	打聽
B4L09-II-18	Adv	不禁
B4L09-II-19	N	淚
B4L09-II-20	Adv	尚未
B4L09-II-21	Vp	出世
B4L09-II-22	N	童年
B4L09-II-23	Vs	傷心
B4L09-II-24	M	筆
B4L09-II-25	Adv	仍然
B4L09-II-26	Vst	原諒
B4L09-II-27	V	盡
B4L09-II-28	Adv	究竟
B4L09-II-29	N	內心
B4L09-II-30	N	創傷
B4L09-II-31	Vst	珍惜
B4L09-II-32	Vs-attr	精華
B4L09-II-33	Vi	逃難
B4L09-II-34	Adv	實在
B4L09-II-35	N	歲月
B4L09-II-36	N/V	遭遇
B4L09-II-37	N	老兵
B4L09-II-38		老張
B4L09-II-39		文化大革命
B4L09-II-40		落地生根
B4L09-II-41		身強體壯
B4L09-II-42		離鄉背井
B4L09-II-43		飄洋過海
B4L09-II-44		朝思暮想
B4L09-II-45		一輩子
B4L09-II-46		恐懼不安
B4L09-II-47		刻骨銘心
B4L10-I-01		何建明
B4L10-I-02	V	應徵
B4L10-I-03	V	配
B4L10-I-04	N	領帶
B4L10-I-05	Vs	花
B4L10-I-06	N	素色
B4L10-I-07	Vpt	剩下
B4L10-I-08	N	龍頭
B4L10-I-09	N	起薪
B4L10-I-10	N	福利
B4L10-I-11	Vst	具備
B4L10-I-12	N	限制
B4L10-I-13	N	以上
B4L10-I-14	N	以下
B4L10-I-15	Vs	相關
B4L10-I-16	N	各位
B4L10-I-17	Vs-attr	應屆
B4L10-I-18	N	畢業生
B4L10-I-19	N	大一
B4L10-I-20	N	企劃部
B4L10-I-21	N	營運
B4L10-I-22	N	知識
B4L10-I-23	N	社長
B4L10-I-24	Adv	聯合
B4L10-I-25	N	音樂會
B4L10-I-26	N	節目
B4L10-I-27	N	好評
B4L10-I-28	V/N	企劃
B4L10-I-29	V	領導
B4L10-I-30	Vi	合作
B4L10-I-31	Adv	似乎
B4L10-I-32	Prep	關於
B4L10-I-33	N/V	磨練
B4L10-I-34	N	優點
B4L10-I-35	N	上司
B4L10-I-36	V	誇獎
B4L10-I-37	M	週
B4L10-I-38	N	內
B4L10-I-39	Prep	以
B4L10-I-40	N	書面
B4L10-I-41	V/N	通知
B4L10-I-42		就...而言
B4L10-I-43		新鮮人
B4L10-I-44		面試官
B4L10-I-45		自我介紹
B4L10-I-46		所學有限
B4L10-II-01	V-sep	出國
B4L10-II-02	N	資金
B4L10-II-03	N	廠商
B4L10-II-04	N	例外
B4L10-II-05	N	關
B4L10-II-06	V	接觸
B4L10-II-07	N	青年
B4L10-II-08	N	貸款
B4L10-II-09	V-sep	開店
B4L10-II-10	N	料
B4L10-II-11	Vpt	損失
B4L10-II-12	N	勇氣
B4L10-II-13	N	員工
B4L10-II-14	Vi	求職
B4L10-II-15	N	目標
B4L10-II-16	Vs-attr	初步
B4L10-II-17	N	技巧
B4L10-II-18	N	概念
B4L10-II-19	V	挑
B4L10-II-20	Vs	基本
B4L10-II-21	N	襯衫
B4L10-II-22	N	過程
B4L10-II-23		同班
B4L10-II-24		是...的料
B4L10-II-25		接下來
B4L10-II-26		提不起
B4L10-II-26		提不起 (勇氣)
B4L10-II-26		提不起 （勇氣）
B4L10-II-26		提不起（勇氣）
B4L10-II-27		養家活口
B4L10-II-28		來自
B4L10-II-29		熟讀
B4L10-II-30		考古題
B4L10-II-31		沙盤推演
B4L10-II-32		深藍色
B4L11-I-01	N	種族
B4L11-I-02	N	熔爐
B4L11-I-03	Adv	偏偏
B4L11-I-04	Vaux	肯
B4L11-I-05	N	母語
B4L11-I-06	N	口音
B4L11-I-07	V	適應
B4L11-I-08	Vs	了不起
B4L11-I-09	Vi	交流
B4L11-I-10	N	志工
B4L11-I-11	N	縣
B4L11-I-12	N	市
B4L11-I-13	Vs-attr	外籍
B4L11-I-14	N	配偶
B4L11-I-15	Vs	焦慮
B4L11-I-16	N	溝通
B4L11-I-17	N	障礙
B4L11-I-18	Vs	良好
B4L11-I-19	Adv	以往
B4L11-I-20	V	面對
B4L11-I-21	N	衝擊
B4L11-I-22	N	大眾
B4L11-I-23	Adv	難以
B4L11-I-24	V	認同
B4L11-I-25	Vs-attr	跨國
B4L11-I-26	Adv	大量
B4L11-I-27	V	移入
B4L11-I-28	Vst	憂慮
B4L11-I-29	V	降低
B4L11-I-30	N	素質
B4L11-I-31	Vst	歧視
B4L11-I-32	N	子女
B4L11-I-33	N	資產
B4L11-I-34	Vaux	應
B4L11-I-35	N	平等
B4L11-I-36	Adv	相互
B4L11-I-37	N	外人
B4L11-I-38	V	聯絡
B4L11-I-39		小明
B4L11-I-40		家長日
B4L11-I-41		氣人
B4L11-I-42		照說
B4L11-I-43		在...之餘
B4L11-I-44		本地人
B4L11-I-45		自己人
B4L11-I-46		哪裡!哪裡!
B4L11-I-46		哪裡！哪裡！
B4L11-II-01	Adv	漸漸
B4L11-II-02	Adv	曾
B4L11-II-03	V/N	嘗試
B4L11-II-04	N	結構
B4L11-II-05	Vp	產生
B4L11-II-06	N	轉變
B4L11-II-07	N	嬰兒
B4L11-II-08	N	雙親
B4L11-II-09	N	本國
B4L11-II-10	N	國籍
B4L11-II-11	N	大陸籍
B4L11-II-12	Det	其
B4L11-II-13	N	比例
B4L11-II-14	Vs	根本
B4L11-II-15	Conj	可見
B4L11-II-16	Vs-attr	現有
B4L11-II-17	N/V	分配
B4L11-II-18	Vst	顧慮
B4L11-II-19	N	學童
B4L11-II-20	N	身心
B4L11-II-21	Vst	缺乏
B4L11-II-22	N	課業
B4L11-II-23	N/V	指導
B4L11-II-24	V	輔導
B4L11-II-25	Vp	輸
B4L11-II-26	Vp	失去
B4L11-II-27	Conj	然而
B4L11-II-28	N	觀點
B4L11-II-29	V	加速
B4L11-II-30	Vpt	創下
B4L11-II-31	N	紀錄
B4L11-II-32	Vs	明顯
B4L11-II-33	Vp	下降
B4L11-II-34	N	趨勢
B4L11-II-35	Vp	高齡化
B4L11-II-36	N	世代
B4L11-II-37	Vs	不足
B4L11-II-38	Vaux	持續
B4L11-II-39	V	正視
B4L11-II-40		國語
B4L11-II-41		客語
B4L11-II-42		最多數
B4L11-II-43		總人數
B4L11-II-44		起跑點
B4L11-II-45		新生兒
B4L11-II-46		生產力
B4L11-II-47		一較長短
B4L12-I-01		王安康
B4L12-I-02		張定能
B4L12-I-03	Vs	美好
B4L12-I-04	Vpt	當選
B4L12-I-05	Vs	無所謂
B4L12-I-06	Vs	敏感
B4L12-I-07	N	化學
B4L12-I-08	N	添加物
B4L12-I-09	N	殘留
B4L12-I-10	V	修改
B4L12-I-11	N	法規
B4L12-I-12	N	安養
B4L12-I-13	N	河川
B4L12-I-14	Vpt	脫離
B4L12-I-15	N	背景
B4L12-I-16	N	領域
B4L12-I-17	Adv	竟然
B4L12-I-18	N	總統
B4L12-I-19	N/V	保障
B4L12-I-20	N	特權
B4L12-I-21	V	把持
B4L12-I-22	V	監督
B4L12-I-23	V	罷免
B4L12-I-24	N	權
B4L12-I-25	Vs	廉能
B4L12-I-26	Vs	富足
B4L12-I-27	Vst	在乎
B4L12-I-28	N	生命
B4L12-I-29	N	財產
B4L12-I-30	N	義工
B4L12-I-31	N	選戰
B4L12-I-32	N/V	承諾
B4L12-I-33	V	帶領
B4L12-I-34	N	力量
B4L12-I-35	V	擺脫
B4L12-I-36	N	困境
B4L12-I-37		房地產
B4L12-I-38		小自... 大至...
B4L12-I-38		小自... 大致...
B4L12-I-38		小自...大至...
B4L12-I-39		是否
B4L12-I-40		照理說
B4L12-I-41		政治人物
B4L12-I-42		受苦
B4L12-II-01	Vs	富裕
B4L12-II-02	Vp	貪汙
B4L12-II-03	Vs	腐敗
B4L12-II-04	N	政爭
B4L12-II-05	Vp	停滯
B4L12-II-06	Vp	上升
B4L12-II-07	N	信心
B4L12-II-08	N	遊民
B4L12-II-09	N	外界
B4L12-II-10	Vs	悲慘
B4L12-II-11	N	日子
B4L12-II-12	Adv	如此
B4L12-II-13	Vs	巨大
B4L12-II-14	Vs	無能
B4L12-II-15	Vs	冷漠
B4L12-II-16	N	學者
B4L12-II-17	N	階層
B4L12-II-18	Adv	自然
B4L12-II-19	V	阻止
B4L12-II-20	Vs	遙遠
B4L12-II-21	Conj	無論
B4L12-II-22	Adv	明明
B4L12-II-23	Vs	骯髒
B4L12-II-24	V	顧
B4L12-II-25	N	自身
B4L12-II-26	N	政客
B4L12-II-27	V	縱容
B4L12-II-28	Vst	使得
B4L12-II-29	N	工廠
B4L12-II-30	Vs	密集
B4L12-II-31	Vst	遭受
B4L12-II-32	Vs	困苦
B4L12-II-33		老人年金
B4L12-II-34		無家可歸
B4L12-II-35		以...為...
B4L12-II-36		漠不關心
B4L12-II-37		發言權
B4L12-II-38		影響力
B4L12-II-39		官商勾結
B4L12-II-40		貧富懸殊
B4L12-II-41		息息相關
B5L01-I-0-01	N	言論
B5L01-I-0-02	N	界線
B5L01-I-0-03	N	臉書
B5L01-I-0-04	M	則
B5L01-I-0-05	N	留言
B5L01-I-0-06	Vp	停止
B5L01-I-0-07	N	決策
B5L01-I-01	Vs	無罪
B5L01-I-02	Ptc	遭
B5L01-I-03	Vs	慘
B5L01-I-04	N/V	反應
B5L01-I-05	V	發表
B5L01-I-06	N	司法
B5L01-I-07	N	判決
B5L01-I-08	Vs	無能
B5L01-I-09	Vs	幸運
B5L01-I-10	Id	顧名思義
B5L01-I-11	V	接收
B5L01-I-12	N	來源
B5L01-I-13	V	處罰
B5L01-I-14	Vst	包容
B5L01-I-15	Conj	不論
B5L01-I-16	V	展現
B5L01-I-17	Id	胡作非為
B5L01-I-18	Conj	一旦
B5L01-I-19	N	工具
B5L01-I-20	Vi	洗腦
B5L01-I-21	N	權益
B5L01-I-22	N	盲點
B5L01-I-23	N	立場
B5L01-I-24	N	平衡
B5L01-I-25	Vi	辯護
B5L01-I-26	Id	無理取鬧
B5L01-I-27	V	指正
B5L01-I-28	Id	一來一往
B5L01-I-29	N	真理
B5L01-I-30	Id	越辯越明
B5L01-I-31	N	共識
B5L01-I-32	N	亂象
B5L01-I-33	V	攻擊
B5L01-I-34	Vp	自殺
B5L01-I-35	Adv	過於
B5L01-I-36	Ph	事實上
B5L01-I-37	N	仇恨
B5L01-I-38	Vs-attr	不實
B5L01-I-39	N	謠言
B5L01-I-40	N/V	霸凌
B5L01-I-41	Vs	負責
B5L01-I-42	V	誤解
B5L01-I-43	N	意義
B5L01-I-44	Adv	因此
B5L01-I-45	V	否定
B5L01-I-46	N	價值
B5L01-I-47	V	封住
B5L01-I-48	N	嘴
B5L01-I-49	Vs	混亂
B5L01-I-50	Vs-attr	唯一
B5L01-II-01	V	濫用
B5L01-II-02	Adv	並非
B5L01-II-03	Vaux	不用
B5L01-II-04	V	抓
B5L01-II-05	V	關
B5L01-II-06	N	名嘴
B5L01-II-07	N	根據
B5L01-II-08	Adv	隨意
B5L01-II-09	N	鄉民
B5L01-II-10	Vi	匿名
B5L01-II-11	N	正義
B5L01-II-12	Adv/N	惡意
B5L01-II-13	N	情緒
B5L01-II-14	Vpt	成
B5L01-II-15	N	護身符
B5L01-II-16	V	傳播
B5L01-II-17	Vs	驚人
B5L01-II-18	M	股
B5L01-II-19	Vs	有心
B5L01-II-20	Vs	無意
B5L01-II-21	N/V	威脅
B5L01-II-22	V	諷刺
B5L01-II-23	Vpt	得
B5L01-II-24	N	憂鬱症
B5L01-II-25	Adv	則
B5L01-II-26	V-sep	閉嘴
B5L01-II-27	V/N	回應
B5L01-II-28	V/N	傷害
B5L01-II-29	V	破壞
B5L01-II-30	V	管
B5L01-II-31	Vs	聰明
B5L01-II-32	N	標題
B5L01-II-33	Vst	懷疑
B5L01-II-34	Vs	模糊
B5L01-II-35	Vst	擅長
B5L01-II-36	N	灰色
B5L01-II-37	N	地帶
B5L01-II-38	N	法院
B5L01-II-39	V	確定
B5L01-II-40	N	個人
B5L01-II-41	V	承擔
B5L01-II-42	Vs	和諧
B5L01-II-43	V	制定
B5L01-II-44	Vs	嚴格
B5L01-II-45	V	約束
B5L02-I-01	N	基改
B5L02-I-02	N	農糧
B5L02-I-03	Ph	廣播節目
B5L02-I-04	N	主持人
B5L02-I-05	N	聽眾
B5L02-I-06	V	播
B5L02-I-07	N	蟲子
B5L02-I-08	N	隔壁
B5L02-I-09	V	回答
B5L02-I-10	Vp	死
B5L02-I-11	N	話題
B5L02-I-12	V	危害
B5L02-I-13	Vst	贊成
B5L02-I-14	Id	各式各樣
B5L02-I-15	Ph	只不過
B5L02-I-16	N	種子
B5L02-I-17	Ph	比如說
B5L02-I-18	N	維他命
B5L02-I-19	N	蔬果
B5L02-I-20	Vs	抗癌
B5L02-I-21	Vs	過敏
B5L02-I-22	N	花生
B5L02-I-23	N	科學家
B5L02-I-24	Vs	豐富
B5L02-I-25	V	享用
B5L02-I-26	Vpt	達到
B5L02-I-27	Vst	預防
B5L02-I-28	N	疾病
B5L02-I-29	N	效果
B5L02-I-30	Ph	好幾(種)
B5L02-I-30	Ph	好幾種
B5L02-I-30	Ph	好幾（種）
B5L02-I-31	V/N	警告
B5L02-I-32	Vpt	突破
B5L02-I-33	N	糧食
B5L02-I-34	Adv	早晚
B5L02-I-35	Adv	不僅
B5L02-I-36	N	農作物
B5L02-I-37	N	抵抗力
B5L02-I-38	N	蟲害
B5L02-I-39	N	產量
B5L02-I-40	N	飢荒
B5L02-I-41	Vst	含有
B5L02-I-42	N	大豆
B5L02-I-43	N	玉米
B5L02-I-44	Id	密不可分
B5L02-I-45	V	生產
B5L02-I-46	Vst	缺少
B5L02-I-47	Vst	依賴
B5L02-I-48	V	進口
B5L02-I-49	N	危機
B5L02-I-50	Ph	生物科技
B5L02-I-51	N	機構
B5L02-I-52	N	證據
B5L02-I-53	V/N	證明
B5L02-I-54	N	人體
B5L02-I-55	N	結論
B5L02-I-56	Vi	生長
B5L02-I-57	N	除草劑
B5L02-I-58	N	物質
B5L02-I-59	N	怪物
B5L02-I-60	N	原料
B5L02-I-61	N	包裝
B5L02-I-62	V/N	標示
B5L02-I-63	Det	一切
B5L02-II-01	N	昆蟲
B5L02-II-02	Vs	不孕
B5L02-II-03	Vpt	罹患
B5L02-II-04	N	癌症
B5L02-II-05	N	蘋果
B5L02-II-06	N	鮭魚
B5L02-II-07	Id	不知不覺
B5L02-II-08	V	辨別
B5L02-II-09	Vs	安心
B5L02-II-10	N	雜誌
B5L02-II-11	V	編輯
B5L02-II-12	N	後果
B5L02-II-13	N	雜草
B5L02-II-14	Det	某
B5L02-II-15	N	專利
B5L02-II-16	N	農民
B5L02-II-17	V	收購
B5L02-II-18	Id	居高不下
B5L02-II-19	Adv	絕對
B5L02-II-20	Vst	符合
B5L02-II-21	Vst	非
B5L02-II-22	N	事實
B5L02-II-23	V	種植
B5L02-II-24	Ph	總用量
B5L02-II-25	N	公斤
B5L02-II-26	Conj	即便
B5L02-II-27	Adv	兼
B5L02-II-28	V	欺騙
B5L02-II-29	N	國人
B5L02-II-30	V-sep	立法
B5L02-II-31	Adv	以
B5L02-II-32	V	維護
B5L02-II-33	Vs	神奇
B5L02-II-34	N	手段
B5L02-II-35	V	付出
B5L02-II-36	N	代價
B5L02-II-37	V	掌握
B5L03-I-0-01	N	風氣
B5L03-I-0-02	N	開放
B5L03-I-0-03	N	意外
B5L03-I-0-04	Vs	存在
B5L03-I-01	N	內在
B5L03-I-02	N	特質
B5L03-I-03	Vst	勝
B5L03-I-04	Vs	醜
B5L03-I-05	N	顏值
B5L03-I-06	N	他人
B5L03-I-07	Vs	不盡然
B5L03-I-08	V	要求
B5L03-I-09	V	整出
B5L03-I-10	N	鼻子
B5L03-I-11	N	皮膚
B5L03-I-12	Vs	細
B5L03-I-13	N	腰
B5L03-I-14	N	豐胸
B5L03-I-15	Vs	高挺
B5L03-I-16	Vs	水汪汪
B5L03-I-17	Vi	參賽
B5L03-I-18	N	眼光
B5L03-I-19	Vs	矛盾
B5L03-I-20	N	外貌
B5L03-I-21	Vs	美滿
B5L03-I-22	N	職涯
B5L03-I-23	Id	以貌取人
B5L03-I-24	Id	不計一切
B5L03-I-25	Vs	英俊
B5L03-I-26	Vpt	獲得
B5L03-I-27	N	青睞
B5L03-I-28	N	對象
B5L03-I-29	N	智力
B5L03-I-30	Vs	同樣
B5L03-I-31	N	團隊
B5L03-I-32	N	金錢
B5L03-I-33	V/N	投資
B5L03-I-34	N	行為
B5L03-I-35	Conj	儘管
B5L03-I-36	Adv	日漸
B5L03-I-37	Vp	失敗
B5L03-I-38	N	胸部
B5L03-I-39	Id	大小不一
B5L03-I-40	Vp	變形
B5L03-I-41	Vp-sep	失血
B5L03-I-42	Adv	過
B5L03-I-43	Vpt	飽受
B5L03-I-44	N	後遺症
B5L03-I-45	N	副作用
B5L03-I-46	Adv	多麼
B5L03-I-47	V-sep	冒險
B5L03-I-48	Adv	如今
B5L03-I-49	N	捷徑
B5L03-I-50	Adv	進而
B5L03-I-51	Vs	謹慎
B5L03-I-52	V	看待
B5L03-II-01	V	吹
B5L03-II-02	N	旅遊
B5L03-II-03	Vst	極具
B5L03-II-04	N	潛力
B5L03-II-05	N	理由
B5L03-II-06	N	天性
B5L03-II-07	V	列入
B5L03-II-08	N	考量
B5L03-II-09	N	公關
B5L03-II-10	N	時尚
B5L03-II-11	N	產業
B5L03-II-12	N	眼皮
B5L03-II-13	Id	精神奕奕
B5L03-II-14	V	違反
B5L03-II-15	Vs	假
B5L03-II-16	Vi	造假
B5L03-II-17	N	標籤
B5L03-II-18	N	優勢
B5L03-II-19	Vst	理解
B5L03-II-20	Ph	生來
B5L03-II-21	N	差異
B5L03-II-22	Adv	天生
B5L03-II-23	N	後天
B5L03-II-24	N	長相
B5L03-II-25	Vs	平平
B5L03-II-26	N	醫學
B5L03-II-27	V	縮小
B5L03-II-28	N	差距
B5L03-II-29	Adv	無疑
B5L03-II-30	N	器材
B5L03-II-31	N	藥品
B5L03-II-32	Adv	大幅
B5L03-II-33	Adv	事先
B5L03-II-34	V	評估
B5L03-II-35	N	患者
B5L03-II-36	N	動機
B5L03-II-37	N	狀態
B5L03-II-38	V	執行
B5L03-II-39	Id	身體髮膚受之父母
B5L03-II-40	V	剪
B5L03-II-41	V	理會
B5L03-II-42	Id	有何不可
B5L04-I-0-01	V	刪減
B5L04-I-0-02	N	鬥牛
B5L04-I-0-03	N	街頭
B5L04-I-0-04	V	舉
B5L04-I-0-05	Vi	示威
B5L04-I-0-06	V/N	主張
B5L04-I-0-07	V	保存
B5L04-I-0-08	V	廢止
B5L04-I-0-09	Vst	引發
B5L04-I-0-10	N	正反
B5L04-I-0-11	N	兩方
B5L04-I-0-12	Vs	激烈
B5L04-I-01	Vst	具有
B5L04-I-02	N	祭品
B5L04-I-03	N	全民
B5L04-I-04	M	座
B5L04-I-05	N	鬥牛場
B5L04-I-06	N	馬德里
B5L04-I-07	Adv	至今
B5L04-I-08	N	鬥牛士
B5L04-I-09	Vs	華麗
B5L04-I-10	N	服飾
B5L04-I-11	Adv	一面
B5L04-I-12	N	披風
B5L04-I-13	V	激怒
B5L04-I-14	N	公牛
B5L04-I-15	Vs	優雅
B5L04-I-16	N	姿勢
B5L04-I-17	N/V	結合
B5L04-I-18	Vs	過人
B5L04-I-19	Vs	熟練
B5L04-I-20	Vst	崇拜
B5L04-I-21	N	旺季
B5L04-I-22	N	遊客
B5L04-I-23	V	前往
B5L04-I-24	V	觀賞
B5L04-I-25	N	奔牛節
B5L04-I-26	N	重頭戲
B5L04-I-27	Vi	狂奔
B5L04-I-28	N	歐元
B5L04-I-29	N	必要
B5L04-I-30	Vs	獨特
B5L04-I-31	N	魅力
B5L04-I-32	N	戲劇
B5L04-I-33	Vs-attr	無數
B5L04-I-34	N	靈感
B5L04-I-35	N	諾貝爾
B5L04-I-36	N	得主
B5L04-I-37	N	作家
B5L04-I-38	N	海明威
B5L04-I-39	V	觀看
B5L04-I-40	N	小說
B5L04-I-41	Id	舉世聞名
B5L04-I-42	V	推廣
B5L04-I-43	N	遺產
B5L04-I-44	Id	由來已久
B5L04-II-01	Vs	過時
B5L04-II-02	Vs	不利
B5L04-II-03	V	刺
B5L04-II-04	N	觀眾
B5L04-II-05	V/N	轉播
B5L04-II-06	M	幕
B5L04-II-07	Vs	血淋淋
B5L04-II-08	N	畫面
B5L04-II-09	M	頭
B5L04-II-10	Vp	死亡
B5L04-II-11	N/V	折磨
B5L04-II-12	V	賠上
B5L04-II-13	N	俗話
B5L04-II-14	N	道理
B5L04-II-15	Vs	自私
B5L04-II-16	V	虐待
B5L04-II-17	V	開設
B5L04-II-18	N	課程
B5L04-II-19	V/N	教導
B5L04-II-20	Vst	享有
B5L04-II-21	Vs	不人道
B5L04-II-22	Vs	無辜
B5L04-II-23	Vs	寶貴
B5L04-II-24	V	提升
B5L04-II-25	N	社群
B5L04-II-26	Vs	殘忍
B5L04-II-27	V	刊登
B5L04-II-28	V	高喊
B5L04-II-29	V	顯示
B5L04-II-30	Vst	高達
B5L04-II-31	Adv	僅
B5L04-II-32	Vaux	無須
B5L04-II-33	N	巴塞隆納
B5L04-II-34	V	宣布
B5L04-II-35	N	娛樂
B5L04-II-36	Vi	入場
B5L04-II-37	Adv	澈底
B5L05-I-0-01	Ph	代理孕母
B5L05-I-0-02	N	案例
B5L05-I-0-03	M	名
B5L05-I-0-04	N	同志
B5L05-I-0-05	N	心願
B5L05-I-0-06	Vaux	自願
B5L05-I-0-07	M	對
B5L05-I-0-08	V/N	委託
B5L05-I-0-09	Ph	龍鳳胎
B5L05-I-0-10	V	遺棄
B5L05-I-0-11	N	缺陷
B5L05-I-0-12	M	任
B5L05-I-0-13	N	丈夫
B5L05-I-0-14	Vp-sep	懷孕
B5L05-I-0-15	Id	毛遂自薦
B5L05-I-0-16	Id	日新月異
B5L05-I-0-17	N	倫理
B5L05-I-0-18	V	整合
B5L05-I-0-19	Vp	合法化
B5L05-I-0-20	N	需求
B5L05-I-0-21	Id	一線希望
B5L05-I-0-22	N	惡夢
B5L05-I-01	Vst	看似
B5L05-I-02	V	費盡
B5L05-I-03	Id	千辛萬苦
B5L05-I-04	N	因素
B5L05-I-05	Adv	皆
B5L05-I-06	V	承受
B5L05-I-07	Vs	不得已
B5L05-I-08	Vi	代孕
B5L05-I-09	N	婚外情
B5L05-I-10	Vs	破碎
B5L05-I-11	N	悲劇
B5L05-I-12	N	雙方
B5L05-I-13	N/Vst	渴望
B5L05-I-14	N	供需
B5L05-I-15	Id	利人利己
B5L05-I-16	Vi	雙贏
B5L05-I-17	V	反觀
B5L05-I-18	Adv	連續
B5L05-I-19	Vst	排名
B5L05-I-20	Vs-attr	倒數
B5L05-I-21	Adv	始終
B5L05-I-22	V	忽視
B5L05-I-23	N	夫妻
B5L05-I-24	V	協助
B5L05-I-25	N	長輩
B5L05-I-26	Vst	忍受
B5L05-I-27	Vs-sep	如願
B5L05-I-28	N	自主權
B5L05-II-01	Adv	固然
B5L05-II-02	Vi	交易
B5L05-II-03	Vst	屬
B5L05-II-04	N	族群
B5L05-II-05	Vst	等於
B5L05-II-06	N	階級
B5L05-II-07	Adv	間接
B5L05-II-08	N	錯誤
B5L05-II-09	N	性別
B5L05-II-10	Ph	抽菸
B5L05-II-11	N	胎兒
B5L05-II-12	Vs-attr	不良
B5L05-II-13	Vi	分離
B5L05-II-14	N	契約
B5L05-II-15	N	仲介
B5L05-II-16	N	角色
B5L05-II-17	Vst	涉及
B5L05-II-18	V/N	規範
B5L05-II-19	Id	黑白不分
B5L05-II-20	Id	是非不明
B5L05-II-21	Adv	紛紛
B5L05-II-22	N	精子
B5L05-II-23	V	搞定
B5L05-II-24	Id	獨一無二
B5L05-II-25	Adv	總之
B5L06-I-0-01	N	死刑
B5L06-I-0-02	N	存廢
B5L06-I-0-03	N	爭議
B5L06-I-0-04	N	僵局
B5L06-I-0-05	Adv	各自
B5L06-I-01	V	嚇阻
B5L06-I-02	V	隔離
B5L06-I-03	N	罪犯
B5L06-I-04	Adv	隨機
B5L06-I-05	V	殺害
B5L06-I-06	Vs-attr	黑心
B5L06-I-07	N	案件
B5L06-I-08	N	法官
B5L06-I-09	V	判
B5L06-I-10	Ph	有期徒刑
B5L06-I-11	Ph	無期徒刑
B5L06-I-12	N	死者
B5L06-I-13	N	交代
B5L06-I-14	V	彌補
B5L06-I-15	N	家屬
B5L06-I-16	Conj	或者
B5L06-I-17	N	犯人
B5L06-I-18	Vi	出獄
B5L06-I-19	M	把
B5L06-I-20	N	尺
B5L06-I-21	Vs-attr	現行
B5L06-I-22	Vi	假釋
B5L06-I-23	Adv	永久
B5L06-I-24	Vs	害怕
B5L06-I-25	V/N	報復
B5L06-I-26	V-sep	納稅
B5L06-I-27	N/V	懲罰
B5L06-I-28	V-sep	犯罪
B5L06-I-29	N	罰單
B5L06-I-30	Ph	闖紅燈
B5L06-I-31	V	開
B5L06-I-32	Adv	同理
B5L06-I-33	Ph	換句話說
B5L06-I-34	V	維持
B5L06-I-35	Ph	相較於
B5L06-I-36	N	人權
B5L06-I-37	V	廢除
B5L06-I-38	N	被害人
B5L06-I-39	N	孤兒
B5L06-I-40	Conj	不然
B5L06-I-41	V	毀
B5L06-I-42	Vs	氣憤
B5L06-I-43	Vst	恨
B5L06-I-44	V-sep	報仇
B5L06-I-45	Vst	便宜
B5L06-I-46	Id	置身事外
B5L06-I-47	V	放下
B5L06-I-48	N	凶手
B5L06-I-49	Id	感同身受
B5L06-I-50	N	生前
B5L06-I-51	N	恐懼
B5L06-I-52	Ph	心痛
B5L06-I-53	N	天平
B5L06-I-54	V	衡量
B5L06-I-55	Vs	坦白
B5L06-I-56	V	撫慰
B5L06-I-57	Ph	剛剛好
B5L06-II-01	Id	無濟於事
B5L06-II-02	Adv	致力
B5L06-II-03	V	推動
B5L06-II-04	Id	漫漫長路
B5L06-II-05	N	刑罰
B5L06-II-06	Vaux	顯得
B5L06-II-07	V	費
B5L06-II-08	N	心力
B5L06-II-09	V	冤枉
B5L06-II-10	N/V	槍決
B5L06-II-11	Vp-sep	犯案
B5L06-II-12	Vs	充足
B5L06-II-13	V/N	保證
B5L06-II-14	V/N	誤判
B5L06-II-15	N	失誤
B5L06-II-16	Vs	無價
B5L06-II-17	N/V	賠償
B5L06-II-18	Vs	善良
B5L06-II-19	Ph	一面
B5L06-II-20	Vs	可貴
B5L06-II-21	Vst/N	同情
B5L06-II-22	Ph	換不回
B5L06-II-23	Vi	和解
B5L06-II-24	V-sep	認錯
B5L06-II-25	Adv	重新
B5L06-II-26	N	大愛
B5L06-II-27	N	感受
B5L06-II-28	Adv	只是
B5L06-II-29	Id	一命還一命
B5L06-II-30	Vs	好受
B5L06-II-31	Ph	也就是說
B5L06-II-32	N	歐盟
B5L06-II-33	N	潮流
B5L06-II-34	Vpt	意識到
B5L06-II-35	Adv	唯有
B5L06-II-36	N	身旁
B5L06-II-37	V	打造
B5L06-II-38	Adv	根本
B5L07-I-0-01	Id	傷腦筋
B5L07-I-0-02	Vp	受益
B5L07-I-0-03	N	財富
B5L07-I-0-04	V	思考
B5L07-I-01	N	清晨
B5L07-I-02	Vs	同齡
B5L07-I-03	Vpt	遇上
B5L07-I-04	N	白工
B5L07-I-05	V	沖走
B5L07-I-06	Ph	(一)大半
B5L07-I-06	Ph	（一）大半
B5L07-I-07	Vs	慘重
B5L07-I-08	Vs	值錢
B5L07-I-09	N	村
B5L07-I-10	Vs	可憐
B5L07-I-11	Id	相依為命
B5L07-I-12	Id	一身病痛
B5L07-I-13	Vs	懂事
B5L07-I-14	Adv	主動
B5L07-I-15	V/N	援助
B5L07-I-16	N	口袋
B5L07-I-17	Vs	吃力
B5L07-I-18	N	家產
B5L07-I-19	Id	一無所有
B5L07-I-20	Prep	對於
B5L07-I-21	V	累積
B5L07-I-22	N	貧戶
B5L07-I-23	Id	袖手旁觀
B5L07-I-24	V/N	調整
B5L07-I-25	V	創造
B5L07-I-26	N	津貼
B5L07-I-27	Vst	等同
B5L07-I-28	V/N	補貼
B5L07-I-29	N	分子
B5L07-I-30	V-sep	舉例
B5L07-I-31	N	工資
B5L07-I-32	Vs	完善
B5L07-I-33	Vi	出手
B5L07-I-34	Vs	大方
B5L07-I-35	Vst	在於
B5L07-I-36	V	進行
B5L07-I-37	V	共享
B5L07-I-38	Conj	倘若
B5L07-I-39	Vs	不服
B5L07-I-40	N	稅收
B5L07-I-41	Vi/N	生存
B5L07-I-42	Id	提心吊膽
B5L07-I-43	N	警力
B5L07-I-44	N	治安
B5L07-II-01	N	哈佛大學
B5L07-II-02	N	課堂
B5L07-II-03	N	心臟
B5L07-II-04	N	肺臟
B5L07-II-05	N	腎臟
B5L07-II-06	Vs	急迫
B5L07-II-07	N	器官
B5L07-II-08	V	移植
B5L07-II-09	V	捐贈
B5L07-II-10	Adv	突然
B5L07-II-11	N	全身
B5L07-II-12	V	麻醉
B5L07-II-13	V	抽
B5L07-II-14	Vs	迫切
B5L07-II-15	N	眾人
B5L07-II-16	V	奪取
B5L07-II-17	M	堂
B5L07-II-18	Vi	奮鬥
B5L07-II-19	V	犧牲
B5L07-II-20	V	埋
B5L07-II-21	N	繳稅單
B5L07-II-22	Id	無所事事
B5L07-II-23	Vs	短暫
B5L07-II-24	Vs	拼
B5L07-II-25	Vp	醒
B5L07-II-26	Vi	苦笑
B5L07-II-27	N	歪理
B5L07-II-28	N	米蟲
B5L07-II-29	Adv	仍舊
B5L07-II-30	Id	劫富濟貧
B5L07-II-31	Adv	強制
B5L07-II-31	Adv	强制
B5L07-II-32	V	奪走
B5L07-II-33	Vs	被迫
B5L07-II-34	V-sep	捐款
B5L07-II-35	Vs	眼紅
B5L07-II-36	V	分享
B5L07-II-37	N	成果
B5L07-II-38	Id	不勞而獲
B5L07-II-39	V	依靠
B5L07-II-40	V	拉
B5L07-II-41	N	貧窮
B5L07-II-42	N	強盜
B5L07-II-43	V	打擊
B5L07-II-44	Vi	創富
B5L07-II-45	V	介入
B5L08-I-0-01	Id	左右為難
B5L08-I-0-02	N	難民
B5L08-I-0-03	N	男童
B5L08-I-0-04	Vp	溺死
B5L08-I-0-05	Vpt	震驚
B5L08-I-0-06	Adv	接連
B5L08-I-0-07	N	事件
B5L08-I-0-08	Vs	不滿
B5L08-I-01	V	分擔
B5L08-I-02	V	化
B5L08-I-03	N	轉機
B5L08-I-04	N	海面
B5L08-I-05	Id	難以數計
B5L08-I-06	N	屍體
B5L08-I-07	Id	怵目驚心
B5L08-I-08	V	冒
B5L08-I-09	N	聯合國
B5L08-I-10	Ptc	止
B5L08-I-11	N	庇護
B5L08-I-12	N	人數
B5L08-I-13	V	面臨
B5L08-I-14	Vi	團結
B5L08-I-15	V	召開
B5L08-I-16	N	高峰會
B5L08-I-17	N	領袖
B5L08-I-18	V	消除
B5L08-I-19	Vs	仇外
B5L08-I-20	N	前-
B5L08-I-20	N	前...
B5L08-I-21	N	歐巴馬
B5L08-I-22	N	會議
B5L08-I-23	N	主義
B5L08-I-24	N	受害者
B5L08-I-25	Adv	向來
B5L08-I-26	Vs-attr	單一
B5L08-I-27	Adv	共同
B5L08-I-28	Vi	排外
B5L08-I-29	V	融入
B5L08-I-30	V	收容
B5L08-I-31	Adv	或許
B5L08-I-32	N	勞動力
B5L08-I-33	Vi	轉化
B5L08-I-34	N	里約
B5L08-I-35	N	奧運
B5L08-I-36	Adv	首度
B5L08-I-37	N	代表隊
B5L08-I-38	V	逃離
B5L08-I-39	N	戰火
B5L08-I-40	N	殘障
B5L08-I-41	Vpt	忘掉
B5L08-I-42	N	英雄
B5L08-I-43	N	身分
B5L08-I-44	N	索馬利亞
B5L08-I-45	N	之後
B5L08-I-46	V	參選
B5L08-I-47	N	膚色
B5L08-I-48	Adv	早日
B5L08-I-49	V	扶持
B5L08-II-01	Vs	優先
B5L08-II-02	Vst	無力
B5L08-II-03	V	安置
B5L08-II-04	N/V	支出
B5L08-II-05	V	導致
B5L08-II-06	N	賦稅
B5L08-II-07	N	居民
B5L08-II-08	Vs	對立
B5L08-II-09	Ptc	罷了
B5L08-II-10	N	德國
B5L08-II-11	Id	每況愈下
B5L08-II-12	V	拖垮
B5L08-II-13	V	忽略
B5L08-II-14	Adv	一一
B5L08-II-15	V	過濾
B5L08-II-16	Id	有機可乘
B5L08-II-17	Id	接二連三
B5L08-II-18	Vs	衝突
B5L08-II-19	Vp	升高
B5L08-II-20	Adv	在在
B5L08-II-21	V	設置
B5L08-II-22	N	難民營
B5L08-II-23	V	關閉
B5L08-II-24	N	邊界
B5L08-II-25	V	通往
B5L08-II-26	V	交託
B5L08-II-27	N	人口
B5L08-II-28	N	販子
B5L08-II-29	V	助長
B5L08-II-30	V	支付
B5L08-II-31	N	總理
B5L08-II-32	N	梅克爾
B5L08-II-33	V	承認
B5L08-II-34	V	低估
B5L08-II-35	Vs/N	和平
B5L08-II-36	N	對策
B5L08-II-37	N	販運
B5L08-II-38	Id	首要之務
B5L09-I-0-01	N	核電廠
B5L09-I-0-02	Vs	熱烈
B5L09-I-0-03	Adv	乃至
B5L09-I-01	N	遠處
B5L09-I-02	N	輻射
B5L09-I-03	Vi	外洩
B5L09-I-04	Vp	爆炸
B5L09-I-05	Id	危言聳聽
B5L09-I-06	Vs	致命
B5L09-I-07	Vp	退燒
B5L09-I-08	Id	行之有年
B5L09-I-09	N	三哩島
B5L09-I-10	N	烏克蘭
B5L09-I-11	N	車諾比
B5L09-I-12	N	福島
B5L09-I-13	N	核災
B5L09-I-14	N	核電
B5L09-I-15	Vst	列為
B5L09-I-16	N	等級
B5L09-I-17	Vst	位於
B5L09-I-18	N	海嘯
B5L09-I-19	N	洪水
B5L09-I-20	Ph	數百萬
B5L09-I-21	Adv	及時
B5L09-I-22	M	顆
B5L09-I-23	N	炸彈
B5L09-I-24	Adv	立即
B5L09-I-25	Vst	令
B5L09-I-26	Vst	擔憂
B5L09-I-27	N	歐洲癌症護理雜誌
B5L09-I-27	Ph	歐洲癌症護理雜志
B5L09-I-28	N	數字
B5L09-I-29	N	周圍
B5L09-I-30	Vp	罹癌
B5L09-I-31	Adv	偏
B5L09-I-32	N	青少年
B5L09-I-33	N	細胞
B5L09-I-34	V	製造
B5L09-I-35	N	廢料
B5L09-I-36	Vs	可行
B5L09-I-37	Vs	偏遠
B5L09-I-38	Ph	任誰
B5L09-I-39	V	因應
B5L09-I-40	Ph	再生能源
B5L09-I-41	Adv	妥善
B5L09-I-42	Vs	頭痛
B5L09-I-43	Vs	無解
B5L09-I-44	N	難題
B5L09-I-45	Vs	正確
B5L09-II-01	Vs	環保
B5L09-II-02	Vi	聯想
B5L09-II-03	N	事故
B5L09-II-04	N	運作
B5L09-II-05	N	疏失
B5L09-II-06	Vst	視為
B5L09-II-07	Id	一概而論
B5L09-II-08	Vs-attr	定時
B5L09-II-09	N	風力
B5L09-II-10	N	水力
B5L09-II-11	N	火力
B5L09-II-12	N	太陽能
B5L09-II-13	Vi	相比
B5L09-II-14	N	機率
B5L09-II-15	N	雷
B5L09-II-16	N	碳
B5L09-II-17	N	排放量
B5L09-II-18	Vs	有利
B5L09-II-19	N	二氧化碳
B5L09-II-20	N	溫室
B5L09-II-21	N	效應
B5L09-II-22	N	河流
B5L09-II-23	N	魚類
B5L09-II-24	N	噪音
B5L09-II-25	N	地熱
B5L09-II-26	Vp	成熟
B5L09-II-27	Id	解決之道
B5L09-II-28	V	收取
B5L09-II-29	Vs-attr	高額
B5L09-II-30	V	惹
B5L09-II-31	N	民怨
B5L09-II-32	N	工業
B5L09-II-33	Vp	停擺
B5L09-II-34	Vp	倒退
B5L09-II-35	N	效率
B5L09-II-36	V	供
B5L09-II-37	N	外商
B5L09-II-38	Vs	優良
B5L09-II-39	N	民生
B5L09-II-40	N	效益
B5L09-II-41	N	設備
B5L09-II-42	N	隱憂
B5L09-II-43	N	綠色
B5L09-II-44	V	替代
B5L10-I-01	Vs-attr	同性
B5L10-I-02	N	主播
B5L10-I-03	N	記者
B5L10-I-04	Vi	連線
B5L10-I-05	V	傳達
B5L10-I-06	N	陣線
B5L10-I-07	V	發起
B5L10-I-08	Adv	盡快
B5L10-I-09	N	同性戀
B5L10-I-10	N	異性戀
B5L10-I-11	Vs	相同
B5L10-I-12	Vs	相愛
B5L10-I-13	N	核心
B5L10-I-14	N	伴侶
B5L10-I-15	Vs	無關
B5L10-I-16	V	打破
B5L10-I-17	N	平權
B5L10-I-18	Prep	藉由
B5L10-I-19	Vi	節稅
B5L10-I-20	Vs	病危
B5L10-I-21	V	簽署
B5L10-I-22	N	文件
B5L10-I-23	N	彼此
B5L10-I-24	Vs	親密
B5L10-I-25	N	伙伴
B5L10-I-26	Vs	陌生
B5L10-I-27	N	性病
B5L10-I-28	N	偏見
B5L10-I-29	N	身上
B5L10-I-30	Vs-attr	異性
B5L10-I-31	Id	有情人終成眷屬
B5L10-I-32	N	末日
B5L10-I-33	V	擴大
B5L10-I-34	N	範圍
B5L10-I-35	N	心聲
B5L10-I-36	N	法案
B5L10-II-01	N	鏡頭
B5L10-II-02	N	聯邦
B5L10-II-03	N	彩虹
B5L10-II-04	N	旗
B5L10-II-05	N	時刻
B5L10-II-06	Vi	駐外
B5L10-II-07	V	歡慶
B5L10-II-08	Vpt	擠進
B5L10-II-09	N	生物
B5L10-II-10	N	本能
B5L10-II-11	V	繁衍
B5L10-II-12	V	尋找
B5L10-II-13	Vi	交配
B5L10-II-14	N	法則
B5L10-II-15	N/V	定義
B5L10-II-16	Vs	互補
B5L10-II-17	N/V	組合
B5L10-II-18	N	全體
B5L10-II-19	N	詞彙
B5L10-II-20	V/N	稱呼
B5L10-II-21	V	建構
B5L10-II-22	N/Vi	革命
B5L10-II-23	Vst	做為
B5L10-II-24	V	無視
B5L10-II-25	V	干涉
B5L10-II-26	N	邏輯
B5L10-II-27	V	納入
B5L10-II-28	Ph	第三者
B5L10-II-29	N	原則
B5L10-II-30	Vs	無異
B5L10-II-31	N	形式
B5L10-II-32	N	亂倫
B5L10-II-33	N	不倫
B5L10-II-34	N	白宮
B5L10-II-35	Ph	巴黎鐵塔
B5L10-II-36	V	打上
B5L10-II-37	N	燈光
B5L10-II-38	Id	不容忽視
B5L10-II-39	Vst	有賴
B5L10-II-40	N	各界
B5L10-II-41	Vi	對話
B5L10-II-42	Vi	激辯
B5L10-II-43	V	交還
B6L01-I-0-01	N	職校
B6L01-I-0-02	N	技職
B6L01-I-0-03	Ph	成功之處
B6L01-I-0-04	Vs-attr	高等
B6L01-I-0-05	Vs	緊密
B6L01-I-0-06	N/V	連結
B6L01-I-0-07	Adv	爭相
B6L01-I-0-08	N	典範
B6L01-I-01	V	放眼
B6L01-I-02	V	出版
B6L01-I-03	Vaux	總要
B6L01-I-04	Id	嚴陣以待
B6L01-I-05	V	直言
B6L01-I-06	V	分析
B6L01-I-07	Vst	身為
B6L01-I-08	N	文憑
B6L01-I-09	Id	一技在身
B6L01-I-10	V	點出
B6L01-I-11	Id	比比皆是
B6L01-I-12	N	理論
B6L01-I-13	N	製造業
B6L01-I-14	Vi	上工
B6L01-I-15	N	關鍵
B6L01-I-16	N	案
B6L01-I-17	Ph	中、小型企業
B6L01-I-17	Ph	中，小型企業
B6L01-I-18	V	投入
B6L01-I-19	V	研發
B6L01-I-20	V	聘請
B6L01-I-21	Vs-attr	高階
B6L01-I-22	N	人才
B6L01-I-23	V	升級
B6L01-I-T-01		瑞士
B6L01-I-T-02		洛桑管理學院
B6L01-I-T-03		葛瑞里
B6L01-I-T-04		奧地利
B6L01-I-T-05		瑞典
B6L01-II-01	V	提到
B6L01-II-02	N	成效
B6L01-II-03	Adv	愈
B6L01-II-04	N	年度
B6L01-II-05	N	評比
B6L01-II-06	N	品牌
B6L01-II-07	Vs-attr	新興
B6L01-II-08	N	經濟體
B6L01-II-09	Vi	進修
B6L01-II-10	Adv	逐年
B6L01-II-11	Vi/N	公投
B6L01-II-12	Vp	轉向
B6L01-II-13	Vi	自限
B6L01-II-14	Adv	當初
B6L01-II-15	V	迫使
B6L01-II-16	N	外
B6L01-II-17	Adv	高度
B6L01-II-18	Vst	仰賴
B6L01-II-19	Vs	衰敗
B6L01-II-20	Vst	保有
B6L01-II-21	Vi	創新
B6L01-II-22	V	低價
B6L01-II-24	V	消滅
B6L01-II-T-01		俄國
B6L01-II-T-02		巴西
B6L01-II-T-03		非洲
B6L01-II-T-04		拉丁美洲
B6L01-III-01	N	游艇
B6L01-III-02	N	五金
B6L01-III-03	N	達人
B6L01-III-04	N	代言人
B6L01-III-05	V	稱為
B6L01-III-06	N	精品
B6L01-III-07	N	子弟
B6L01-III-08	Adv	唯
B6L01-III-09	N	高工
B6L01-III-10	N	黑手
B6L01-III-11	Vi	起家
B6L01-III-12	Vi	奮鬥（史）
B6L01-III-13	N	營業額
B6L01-III-T-01		教部
B6L01-III-T-01		教部（＝教育部）
B6L01-III-T-02		曾信哲
B6L01-III-T-03		屏東
B6L01-III-T-04		九如
B6L02-I-0-01	V	洞察
B6L02-I-0-02	Id	鍥而不舍/捨
B6L02-I-0-03	Vs	專精
B6L02-I-0-04	V	開創
B6L02-I-0-05	N	契機
B6L02-I-01	Adv	未必
B6L02-I-02	Vi	出發
B6L02-I-03	Vs	特殊
B6L02-I-04	M	群
B6L02-I-05	Ph	突發奇想
B6L02-I-06	N	原理
B6L02-I-07	N	醫師
B6L02-I-08	V	配
B6L02-I-09	N	眼鏡
B6L02-I-10	Adv	相對
B6L02-I-11	Vs	窮困
B6L02-I-12	N	任務
B6L02-I-13	Vi	估計
B6L02-I-14	V/N	發明
B6L02-I-15	Adv	自行
B6L02-I-16	N	度數
B6L02-I-17	M	副
B6L02-I-18	N	鏡片
B6L02-I-19	Vpt	充滿
B6L02-I-20	N	液體
B6L02-I-21	N	創見
B6L02-I-22	Vs	原始
B6L02-I-23	Vpt	出自
B6L02-I-24	N	儀器
B6L02-I-25	N	製造商
B6L02-I-26	V	矯正
B6L02-I-27	N	視力
B6L02-I-28	Ph	大放光明
B6L02-I-29	N	影像
B6L02-I-30	Ph	開發中國家
B6L02-I-31	N	需求量
B6L02-I-32	Adv	極
B6L02-I-33	Id	供不應求
B6L02-I-34	N	貢獻
B6L02-I-35	N	根源
B6L02-I-36	Conj	從而
B6L02-I-37	N	人群
B6L02-I-T-01		牛津大學
B6L02-I-T-02		喬許．席爾佛
B6L02-II-01	N	場所
B6L02-II-02	Vi	照明
B6L02-II-03	Id	習以為常
B6L02-II-04	N	電力
B6L02-II-05	N	答案
B6L02-II-06	Vp	入夜
B6L02-II-07	N	村落
B6L02-II-08	Ph	貼補家用
B6L02-II-09	N	煤油燈
B6L02-II-10	Vst	有損
B6L02-II-11	N	孩童
B6L02-II-12	V	燃燒
B6L02-II-13	N	呼吸道
B6L02-II-14	Adv	單單
B6L02-II-15	N	病症
B6L02-II-16	N	室內
B6L02-II-17	Vpt	照亮
B6L02-II-18	N	基金會
B6L02-II-19	V	接
B6L02-II-20	V	動用
B6L02-II-21	N	人力
B6L02-II-22	N	物力
B6L02-II-23	V	架設
B6L02-II-24	N	電纜
B6L02-II-25	N	工程
B6L02-II-26	Ph	固態光源
B6L02-II-26	Ph	固態光源（SSL）
B6L02-II-27	N	簡稱
B6L02-II-28	M	瓦
B6L02-II-29	N	日光板
B6L02-II-30	Vs-sep	蓄電
B6L02-II-31	N	電池
B6L02-II-32	Ph	發光二極體
B6L02-II-32	Ph	發光二極體（LED）
B6L02-II-33	N	系統
B6L02-II-34	V	安裝
B6L02-II-35	N	群眾
B6L02-II-36	Vpt	剝奪
B6L02-II-37	N	文盲
B6L02-II-T-01		爾文．哈樂戴
B6L02-II-T-02		卡加利大學
B6L02-II-T-03		尼泊爾
B6L02-II-T-04		喜馬拉雅山群
B6L03-I-0-01	Id	前所未有
B6L03-I-0-02	Adv	盡情
B6L03-I-0-03	Vi	揮灑
B6L03-I-01	N	舞蹈家
B6L03-I-02	V	描述
B6L03-I-03	N	舞者
B6L03-I-04	N	舞台
B6L03-I-05	N	舞碼
B6L03-I-06	N	傳人
B6L03-I-07	N	芭蕾
B6L03-I-08	Vp	及格
B6L03-I-09	N	滿分
B6L03-I-10	Id	眾所皆知
B6L03-I-11	N	大師
B6L03-I-12	Adv	特地
B6L03-I-13	V	解散
B6L03-I-14	N	舞團
B6L03-I-15	N	邀約
B6L03-I-16	V	培訓
B6L03-I-17	Vst	無
B6L03-I-18	V	傳承
B6L03-I-19	V	邀請
B6L03-I-20	N	編舞家
B6L03-I-21	Id	量身打造
B6L03-I-22	N	舞目
B6L03-I-23	N	首席
B6L03-I-24	N	舞星
B6L03-I-25	V	會
B6L03-I-26	N	心血
B6L03-I-27	Vpt	化為
B6L03-I-28	N	作品
B6L03-I-29	N	規劃
B6L03-I-30	N	舞曲
B6L03-I-31	N	民俗
B6L03-I-32	N	生平
B6L03-I-33	Adv	不得不
B6L03-I-34	Ph	硬著頭皮
B6L03-I-35	Vi	灑落
B6L03-I-36	N	剎那
B6L03-I-37	Vst	感到
B6L03-I-38	N	存在感
B6L03-I-39	V	報考
B6L03-I-40	N	民族舞
B6L03-I-41	Adv	終
B6L03-I-42	N	上帝
B6L03-I-43	Vst	疼愛
B6L03-I-T-01		生身不息
B6L03-I-T-02		許芳宜
B6L03-I-T-03		勞勃阿特曼
B6L03-I-T-03		勞勃．阿特曼
B6L03-I-T-04		舞動世紀
B6L03-I-T-04		舞動實際
B6L03-I-T-05		瑪莎葛蘭姆
B6L03-I-T-05		瑪莎．葛蘭姆
B6L03-I-T-06		倫敦
B6L03-I-T-07		阿喀郎汗
B6L03-I-T-07		阿喀郎．汗
B6L03-I-T-08		克理斯多福惠爾敦
B6L03-I-T-08		克理斯多福．惠爾敦
B6L03-I-T-09		紐約市立芭蕾舞團
B6L03-I-T-10		溫蒂威倫
B6L03-I-T-10		溫蒂．威倫
B6L03-I-T-11		華岡藝校
B6L03-II-01	Adv	從(來)
B6L03-II-01	Adv	從（來）
B6L03-II-02	Adv	不間斷(地)
B6L03-II-02	Adv	不間斷（地）
B6L03-II-03	V	保送
B6L03-II-04	M	扇
B6L03-II-05	N	貴人
B6L03-II-06	Adv	一眼
B6L03-II-07	Vp	發覺
B6L03-II-08	N	才華
B6L03-II-09	Id	痛哭流涕
B6L03-II-10	N	輩子
B6L03-II-11	Adv	公開
B6L03-II-12	V	稱讚
B6L03-II-13	Ph	下定決心
B6L03-II-14	N	海綿
B6L03-II-15	V	吸收
B6L03-II-16	Adv	隻身
B6L03-II-17	N	術科
B6L03-II-18	V-sep	跳舞
B6L03-II-19	Det	其餘
B6L03-II-20	N	學科
B6L03-II-21	Prep	憑
B6L03-II-22	N	毅力
B6L03-II-23	V	克服
B6L03-II-24	Ph	語言翻譯機
B6L03-II-25	M	種種
B6L03-II-26	N	瞬間
B6L03-II-27		加諸(在)
B6L03-II-27	V	加諸(在)
B6L03-II-27	V	加諸（在）
B6L03-II-28	Ph	沖昏頭
B6L03-II-29	N	評論
B6L03-II-30	N	天堂
B6L03-II-31	N	地獄
B6L03-II-32	Id	戰戰兢兢
B6L03-II-33	Vst	當作
B6L03-II-34	N	肯定
B6L03-II-35	Adv	再次
B6L03-II-36	Adv	何嘗
B6L03-II-37	Adv	不自覺
B6L03-II-38	N	體內
B6L03-II-39	Vi	散
B6L03-II-40	Vs	熟悉
B6L03-II-41	N	臉孔
B6L03-II-42	Ph	期待已久
B6L03-II-43	Vs	固定
B6L03-II-T-01		羅斯帕克斯
B6L03-II-T-01		羅斯．帕克斯
B6L03-II-T-02		葛蘭姆舞團
B6L04-I-0-01	V	做人
B6L04-I-0-02	N	心法
B6L04-I-0-03	V	談論
B6L04-I-0-04	Vst	真誠
B6L04-I-0-05	V/N	讚美
B6L04-I-0-06	N	親和力
B6L04-I-0-07	N	笑容
B6L04-I-0-08	Det	此
B6L04-I-0-09	N	祕訣
B6L04-I-0-10	Ph	拉近距離
B6L04-I-01	V	傳授
B6L04-I-02	Vs-attr	獨門
B6L04-I-03	Vs-attr	人際
B6L04-I-04	V/N	銷售
B6L04-I-05	Vs	暢銷
B6L04-I-06	V	謙稱
B6L04-I-07	V	抱持
B6L04-I-08	N	哲學
B6L04-I-09	N	讀者
B6L04-I-10	V	踏出
B6L04-I-11	Vst	悅耳
B6L04-I-12	N	熱忱
B6L04-I-13	Adv	不妨
B6L04-I-14	Vst	好比
B6L04-I-15	Vi	告別
B6L04-I-16	Id	記住
B6L04-I-17	N	對方
B6L04-I-18	N	宴會
B6L04-I-19	Adv	自顧自(地)
B6L04-I-19	Adv	自顧自（地）
B6L04-I-20	V	講
B6L04-I-21	Adv	整整
B6L04-I-22	V-sep	插嘴
B6L04-I-23	N	餘地
B6L04-I-24	Conj	以致(於)
B6L04-I-24	Conj	以致（於）
B6L04-I-25	Vi	同桌
B6L04-I-26	Vi	罰站
B6L04-I-27	Vi	聽教
B6L04-I-28	Ptc	似地
B6L04-I-29	Vs	凝滯
B6L04-I-30	Id	一吐為快
B6L04-I-31	Vi	提問
B6L04-I-T-01		黑幼龍
B6L04-I-T-02		卡內基
B6L04-II-01	N	心坎
B6L04-II-02	N	本質
B6L04-II-03	V	驅策
B6L04-II-04	Vs	深切
B6L04-II-05	Adv	真心
B6L04-II-06	Id	可想而知
B6L04-II-07	N	人緣
B6L04-II-08	Vpt	命中
B6L04-II-09	N	成就
B6L04-II-10	Vs	真切
B6L04-II-11	N	性格
B6L04-II-12	N	愛心
B6L04-II-13	N	口香糖
B6L04-II-14	N	力道
B6L04-II-15	Vst	發自
B6L04-II-16	N	企圖
B6L04-II-17	Vp	失效
B6L04-II-18	N	下屬
B6L04-II-19	N	責任感
B6L04-II-20	Adv	隨後
B6L04-II-21	V	拜託
B6L04-II-22	Id	別有居心
B6L04-II-23	Id	適得其反
B6L04-II-24	Vst	小看
B6L04-II-25	N	威力
B6L04-II-26	V	予
B6L04-II-27	Vs	深刻
B6L04-II-28	Vi	互動
B6L04-II-29	V	定下
B6L04-II-30	Vpt	贏得
B6L04-II-31	Prep	藉著
B6L04-II-32	N	驅動力
B6L04-II-T-01		威廉‧詹姆士
B6L04-II-T-01		威廉．詹姆士
B6L04-II-T-02		艾森豪
B6L04-III-01	N	機緣
B6L04-III-02	N	飯店
B6L04-III-03	V	伸
B6L04-III-04	N	名片
B6L04-III-05	Adv	正
B6L04-III-06	Id	夢寐以求
B6L04-III-07	Adv	直覺（地）
B6L04-III-08	N	淡季
B6L04-III-09	Ph	吃了一驚
B6L04-III-10	Vs/N	忠誠
B6L04-III-11	Vi	跳槽
B6L04-III-12	V	等候
B6L05-I-0-01	Vs	開闊
B6L05-I-0-02	Vi	轉動
B6L05-I-01	Vs-attr	共通
B6L05-I-02	N	水果攤
B6L05-I-03	Ph	瓜香果豔
B6L05-I-04	N	常客
B6L05-I-05	V	秤
B6L05-I-06	Ph	手擺腳動
B6L05-I-07	Vst	身陷
B6L05-I-08	N	迷宮
B6L05-I-09	N	文法
B6L05-I-10	Vs	濃重
B6L05-I-11	V	回覆
B6L05-I-12	Vs	焦急
B6L05-I-13	V	催熟
B6L05-I-14	Adv	急忙
B6L05-I-15	Vs-attr	臨時
B6L05-I-16	N	口譯
B6L05-I-17	Vpt	達成
B6L05-I-18	V-sep	道謝
B6L05-I-19	N	面前
B6L05-I-20	Vs	紊亂
B6L05-I-21	Vs	錯亂
B6L05-I-22	N	人家
B6L05-I-23	N	校長
B6L05-I-24	N	旅途
B6L05-I-25	Vs	勞累
B6L05-I-26	Vs	傲慢
B6L05-I-27	V-sep	皺眉
B6L05-I-28	N	標識
B6L05-I-29	N	國際觀
B6L05-I-30	Vi	接軌
B6L05-I-31	Vst	身在
B6L05-I-T-01		柏林
B6L05-I-T-02		土耳其
B6L05-II-01	V	眼見
B6L05-II-02	Vs	心急
B6L05-II-03	N	浪潮
B6L05-II-04	V	拋
B6L05-II-05	Vpt	淘汰
B6L05-II-06	V	督促
B6L05-II-07	V	背
B6L05-II-08	N	單字
B6L05-II-09	Vp	倍增
B6L05-II-10	Vst	限於
B6L05-II-11	Vs	遼闊
B6L05-II-12	N	之外
B6L05-II-13	N	境地
B6L05-II-14	Vs	孤立
B6L05-II-15	N	賽事
B6L05-II-16	N	島嶼
B6L05-II-17	Adv	四處
B6L05-II-18	N	拼音
B6L05-II-19	Ph	錯誤百出
B6L05-II-20	Vs	精良
B6L05-II-21	Adv	前來
B6L05-II-22	N	版本
B6L05-II-23	Ph	源源不絕
B6L05-II-24	N	訪客
B6L05-II-25	N	人文
B6L05-II-26	N	景觀
B6L05-II-27	N	底蘊
B6L05-II-28	Vs	深厚
B6L05-II-29	N	步調
B6L05-II-30	Vs-attr	家傳
B6L05-II-31	V	勤讀
B6L05-II-32	N	書籍
B6L05-II-33	Vst	知曉
B6L05-II-34	Adv	勤奮
B6L05-II-35	V	駕馭
B6L05-II-36	N	重點
B6L05-II-37	Vp	磨損
B6L05-II-38	V	攪碎
B6L05-II-39	V	翻
B6L05-II-40	N	字典
B6L05-II-41	N	腦子
B6L05-II-42	N	區塊
B6L05-II-43	Vs	自大
B6L05-II-44	N	獨白
B6L05-II-45	V	上演
B6L05-II-46	N	戲碼
B6L05-II-T-01		捷克
B6L06-I-0-01	N	貓熊
B6L06-I-0-02	Id	人見人愛
B6L06-I-0-03	V	征服
B6L06-I-0-04	Vpt	促進
B6L06-I-0-05	Vs	友好
B6L06-I-0-06	N	使者
B6L06-I-0-07	Vp	沾染
B6L06-I-0-08	N	色彩
B6L06-I-0-09	V	抵制
B6L06-I-0-10	Vi	繁殖
B6L06-I-0-11	N	名義
B6L06-I-0-12	V	租借
B6L06-I-01	V	出訪
B6L06-I-02	Ph	風雲女性
B6L06-I-03	Adv	全程
B6L06-I-04	V	直播
B6L06-I-05	Vp	產下
B6L06-I-06	N	雙胞胎
B6L06-I-07	V-sep	睜眼
B6L06-I-08	Vpt	登上
B6L06-I-09	N	頭條
B6L06-I-10	Vp	數位化
B6L06-I-11	V	追溯
B6L06-I-12	Prep	至
B6L06-I-13	Ph	何時何地
B6L06-I-14	N	女皇
B6L06-I-15	V	贈送
B6L06-I-16	V/N	記載
B6L06-I-17	N	夫人
B6L06-I-18	V	表
B6L06-I-19	V	救濟
B6L06-I-20	N	謝意
B6L06-I-21	Adv	自此
B6L06-I-22	N	政權
B6L06-I-23	Vaux	欲
B6L06-I-24	Ph	藉此
B6L06-I-25	Vs-attr	雙邊
B6L06-I-26	Vs	稀有
B6L06-I-27	N	飼養場
B6L06-I-28	Adv	分別
B6L06-I-29	N	貨幣
B6L06-I-30	V	設
B6L06-I-31	Adv	互
B6L06-I-32	V	訪問
B6L06-I-33	V	領取
B6L06-I-34	V	否決
B6L06-I-35	Conj	因而
B6L06-I-36	Vi	作罷
B6L06-I-T-01		甜甜
B6L06-I-T-02		BBC
B6L06-I-T-03		美香
B6L06-I-T-04		圓仔
B6L06-I-T-05		唐朝/代
B6L06-I-T-06		武則天
B6L06-I-T-07		天武天皇
B6L06-I-T-08		宋美齡
B6L06-I-T-09		中共
B6L06-I-T-10		蘇聯
B6L06-I-T-11		北韓
B6L06-I-T-12		邁阿密
B6L06-I-T-13		芝加哥
B6L06-I-T-14		國務院
B6L06-II-01	V	出租
B6L06-II-02	Vi	吸金
B6L06-II-03	V	赴
B6L06-II-04	V	贈與
B6L06-II-05	V	抵達
B6L06-II-06	Adv	冒雨
B6L06-II-07	V	迎接
B6L06-II-08	Adv	首次
B6L06-II-09	V-sep	見客
B6L06-II-10	Vpt	達
B6L06-II-11	N	人次
B6L06-II-12	N	當局
B6L06-II-13	V	宣告
B6L06-II-14	N	期間
B6L06-II-15	Vst	為期
B6L06-II-16	N	巡展
B6L06-II-17	N	租金
B6L06-II-18	Id	有利可圖
B6L06-II-19	M	波
B6L06-II-20	N	拉鋸
B6L06-II-21	Vs	可觀
B6L06-II-22	N	收益
B6L06-II-23	N	林業
B6L06-II-24	V	捕捉
B6L06-II-25	Vs-attr	野生
B6L06-II-26	Vi	呼籲
B6L06-II-27	Vi	保育
B6L06-II-28	V	設立
B6L06-II-29	N	進展
B6L06-II-30	N	近親
B6L06-II-31	N	野外
B6L06-II-32	N	近年
B6L06-II-33	Vs-attr	圈養
B6L06-II-34	V	野放
B6L06-II-35	Conj	就算
B6L06-II-T-01		尼克森
B6L06-II-T-02		北京
B6L06-II-T-03		周恩來
B6L06-II-T-04		玲玲
B6L06-II-T-05		興興
B6L06-II-T-06		華盛頓
B6L06-II-T-07		港澳
B6L06-II-T-08		洛杉磯
B6L06-II-T-09		奧運會
B6L06-II-T-10		永永
B6L06-II-T-11		迎新
B6L06-II-T-12		舊金山
B6L06-II-T-13		美國聯邦漁業和野生動物管理局
B6L06-II-T-14		四川臥龍自然保護區
B6L07-I-0-01	N	自我
B6L07-I-0-02	Vs	膨脹
B6L07-I-0-03	N	面貌
B6L07-I-0-04	Vp	醒悟
B6L07-I-0-05	Vst	體會
B6L07-I-0-06	Vs	苦澀
B6L07-I-01	N	情敵
B6L07-I-02	Id	我行我素
B6L07-I-03	Vs	未婚
B6L07-I-04	Vi	立志
B6L07-I-05	N	志向
B6L07-I-06	Vi	減肥
B6L07-I-07	Vi	撐
B6L07-I-08	Ph	定下來
B6L07-I-09	Vs	殘酷
B6L07-I-10	N	當下
B6L07-I-11	Vi	重來
B6L07-I-12	Ph	鬼東西
B6L07-I-13	Ph	俊男美女
B6L07-I-14	N	歡喜
B6L07-I-15	N	悲傷
B6L07-I-16	Ph	激發出來
B6L07-I-17	Vp	發福
B6L07-I-18	Ph	想幹嘛就幹嘛
B6L07-I-19	Vi	幹
B6L07-I-20	Vs	無趣
B6L07-I-21	V	斟酌
B6L07-I-22	N	何時
B6L07-I-23	Vi	閃人
B6L07-I-24	Vs	尷尬
B6L07-I-25	Vst	忠於
B6L07-I-26	Vs	萎縮
B6L07-I-27	Id	當頭棒喝
B6L07-I-28	Id	自以為是
B6L07-I-29	Adv	幹嘛
B6L07-I-30	N	破綻
B6L07-I-31	N	德性
B6L07-I-32	Vs	勇敢
B6L07-I-33	N	私生子
B6L07-I-34	Conj	縱使
B6L07-I-35	Vi	自詡
B6L07-I-36	Vs	開明
B6L07-I-37	Ph	知識份子
B6L07-I-38	V-sep	留洋
B6L07-I-39	N	老夫子
B6L07-I-40	Vp	提早
B6L07-I-41	Vs	溫和
B6L07-I-42	V-sep	幹架
B6L07-I-43	V	逼出
B6L07-I-44	Vs	苦
B6L07-I-45	Vs	邪惡
B6L07-I-46	V	發揮
B6L07-I-47	N	極致
B6L07-II-01	N	晚婚
B6L07-II-02	Prep	直到
B6L07-II-03	Vst	心儀
B6L07-II-04	Vi	表白
B6L07-II-05	N	使命
B6L07-II-06	N	動力
B6L07-II-07	Vs	軟弱
B6L07-II-08	Ph	共度一生
B6L07-II-09	Adv	頂多
B6L07-II-10	N	半生
B6L07-II-11	Vi	加碼
B6L07-II-12	N	之間
B6L07-II-13	N	模式
B6L07-II-14	N	大腦
B6L07-II-15	Ph	一片空白
B6L07-II-16	Ph	點點滴滴
B6L07-II-17	Vs	細膩
B6L07-II-18	N	細節
B6L07-II-19	Ph	神經大條
B6L07-II-20	Id	察言觀色
B6L07-II-21	V-sep	說理
B6L07-II-22	Vs	理性
B6L07-II-23	Id	不由自主
B6L07-II-24	N	慣性
B6L07-II-25	Id	長篇大論
B6L07-II-26	N	同理心
B6L07-II-27	Adv	即
B6L07-II-28	Id	漫不經心
B6L07-II-29	Vpt	忘記
B6L07-II-30	Ph	不守信用
B6L07-II-31	Ph	說話不算話
B6L07-II-32	Adv	不幸
B6L07-II-33	Id	拐彎抹角
B6L07-II-34	N	語病
B6L07-II-35	N	字面
B6L07-II-36	Ph	爭辯不休
B6L07-II-37	N	背後
B6L07-II-38	Vs	微妙
B6L07-II-39	Adv	親身
B6L07-II-40	N	共同點
B6L08-I-0-01	N	黑洞
B6L08-I-0-02	N	榮耀
B6L08-I-0-03	N	國力
B6L08-I-0-04	N	債務
B6L08-I-0-05	Ph	謹慎為之
B6L08-I-01	V	主辦
B6L08-I-02	N	強心針
B6L08-I-03	N	國債
B6L08-I-04	V	歷經
B6L08-I-05	M	輪
B6L08-I-06	Id	脫穎而出
B6L08-I-07	Ph	申奧＝申請奧運
B6L08-I-08	N	宣傳
B6L08-I-09	Vs	盛大
B6L08-I-10	N	項目
B6L08-I-11	N	盛會
B6L08-I-12	Adv	無不
B6L08-I-13	V	贊助
B6L08-I-14	V	宣稱
B6L08-I-15	Vs	龐大
B6L08-I-16	Adv	蓬勃
B6L08-I-17	Vs	絢麗
B6L08-I-18	Vp	綻放
B6L08-I-19	Vp	歸於
B6L08-I-20	Id	前車之鑑
B6L08-I-21	N	財務
B6L08-I-22	V	興建
B6L08-I-23	Ph	運動場館
B6L08-I-24	N	周遭
B6L08-I-25	V	更新
B6L08-I-26	Vi	舉債
B6L08-I-27	V	籌措
B6L08-I-28	V	還清
B6L08-I-29	N	施工
B6L08-I-30	N	塔柱
B6L08-I-31	V	花費
B6L08-I-32	Vi	預估
B6L08-I-33	Adv	一路
B6L08-I-34	N	人士
B6L08-I-35	Adv	足足
B6L08-I-36	V	參與
B6L08-I-37	N	有餘
B6L08-I-38	N	超支
B6L08-I-39	N	專屬
B6L08-I-40	Adv	必
B6L08-I-41	N	巨額
B6L08-I-42	Adv	足以
B6L08-I-43	V-sep	回本
B6L08-I-44	Adv	最終
B6L08-I-45	V-sep	買單
B6L08-I-T-01		雅典
B6L08-I-T-02		奧林匹克運動會
B6L08-I-T-03		世界盃足球賽
B6L08-I-T-04		蒙特婁
B6L08-I-T-05		美金
B6L08-I-T-06		英鎊
B6L08-II-01	V-sep	虧錢
B6L08-II-02	V-sep	虧本
B6L08-II-03	Vp	收場
B6L08-II-04	N	冷戰
B6L08-II-05	N	氛圍
B6L08-II-06	Id	突然之間
B6L08-II-07	Ph	燙手山芋
B6L08-II-08	Vs-attr	唯二
B6L08-II-09	Ph	決選出
B6L08-II-10	V	意味
B6L08-II-11	Ph	接下
B6L08-II-12	Ph	為人稱道
B6L08-II-13	Prep	經由
B6L08-II-14	Vi	招商
B6L08-II-15	N	盈餘
B6L08-II-16	Vi	開幕
B6L08-II-17	Vi	閉幕
B6L08-II-18	N	典禮
B6L08-II-19	Ph	損益平衡
B6L08-II-20	V	支撐
B6L08-II-21	Vs-attr	後續
B6L08-II-22	Adv	總共
B6L08-II-23	N	基數
B6L08-II-24	Conj	再者
B6L08-II-25	N	人潮
B6L08-II-26	N	短期
B6L08-II-27	Ph	蚊子館
B6L08-II-28	M	劑
B6L08-II-29	Vst	陷入
B6L08-II-30	N	景象
B6L08-II-31	Ph	四年一度
B6L08-II-32	Id	有/無福/消受
B6L08-II-32	Id	有/無福消受
B6L08-II-33	N	巨象
B6L08-II-34	Adv	狠狠
B6L08-II-T-01		奧會 = 奧林匹克委員會
B6L08-II-T-01		奧會=奧林匹克委員會
B6L08-II-T-01		奧會＝奧林匹克委員會
B6L09-I-0-01	Ph	鄉關何處
B6L09-I-0-02	V	開啟
B6L09-I-0-03	Vi	浪遊
B6L09-I-0-04	Det	泰半
B6L09-I-0-05	N	遷移
B6L09-I-0-06	N	變換
B6L09-I-0-07	Vi	安身
B6L09-I-0-08	N	念頭
B6L09-I-0-09	N	前提
B6L09-I-01	Vi	遠行
B6L09-I-02	N	山洞
B6L09-I-03	N	姑媽
B6L09-I-04	N	自助餐
B6L09-I-05	N	寄宿生
B6L09-I-06	Vs	爛漫
B6L09-I-07	N	年歲
B6L09-I-08	N	鄉愁
B6L09-I-09	N	他鄉
B6L09-I-10	N	異地
B6L09-I-11	N	腳步
B6L09-I-12	Vi	算計
B6L09-I-13	Vi	飄泊
B6L09-I-14	Adv	不時
B6L09-I-15	Vi	居留
B6L09-I-16	N	來日
B6L09-I-17	V	認定
B6L09-I-18	N	形態
B6L09-I-19	Vst	彷彿
B6L09-I-20	N	旅程
B6L09-I-21	Vi	前移
B6L09-I-22	Vi	邁進
B6L09-I-23	Vs	不巧
B6L09-I-24	V	派駐
B6L09-I-25	Vi	流轉
B6L09-I-26	N	之類
B6L09-I-27	V-sep	度假
B6L09-I-28	N	居所
B6L09-I-29	Id	恆常不變
B6L09-I-30	N	地址
B6L09-I-31	Vi	養老
B6L09-I-32	Vs	愕然
B6L09-I-33	Vp	驚醒
B6L09-I-34	Adv	已然
B6L09-I-35	Vp-sep	失根
B6L09-I-36	Id	理所當然
B6L09-I-37	Adv	依舊
B6L09-I-38	Vs	碧綠
B6L09-I-39	Vs	寧靜
B6L09-I-40	N	住所
B6L09-I-41	N	落地窗
B6L09-I-42	V	望見
B6L09-I-43	N	星空
B6L09-I-44	N	後院
B6L09-I-45	N	樹
B6L09-I-46	N	松鼠
B6L09-I-47	N	麻雀
B6L09-I-48	Vi	嬉戲
B6L09-I-49	Vs	具體
B6L09-I-T-01		基隆
B6L09-I-T-02		亞力山大
B6L09-II-01	Vs	地道
B6L09-II-02	N	華裔
B6L09-II-03	Vs-attr	混血
B6L09-II-04	Vst	係
B6L09-II-05	Vs-attr	諸多
B6L09-II-06	N	國度
B6L09-II-07	N	身世
B6L09-II-08	Vs-attr	多重
B6L09-II-09	V	追究
B6L09-II-10	Vs	純粹
B6L09-II-11	N	公民
B6L09-II-12	Vs-attr	屬意
B6L09-II-13	N	景致
B6L09-II-14	N	門牌
B6L09-II-15	Vs-attr	心愛
B6L09-II-16	N	家當
B6L09-II-17	N	家用
B6L09-II-18	V	安放
B6L09-II-19	N	平日
B6L09-II-20	V	收集
B6L09-II-21	N	畫作
B6L09-II-22	N	窗台
B6L09-II-23	N	盆景
B6L09-II-24	Id	不離不棄
B6L09-II-25	N	茶壺
B6L09-II-26	Ph	熱騰騰
B6L09-II-27	N	菊花
B6L09-II-28	N	普洱
B6L09-II-29	V	呷
B6L09-II-30	Vi	安家
B6L09-II-31	Vst	比如
B6L09-II-32	Ph	氣候宜人
B6L09-II-33	N	城鎮
B6L09-II-34	N	所在
B6L09-II-35	Vs	體貼
B6L09-II-36	Vs	破敗
B6L09-II-37	Vs	懶惰
B6L09-II-38	M	幅
B6L09-II-39	Id	天長地久
B6L09-II-40	Vi	羈旅
B6L09-II-41	N	驛站
B6L09-II-42	N	行李
B6L09-II-43	V	洗滌
B6L09-II-44	N	風塵
B6L09-II-45	V-sep	歇腳
B6L09-II-T-01		哥大建築學系
B6L09-II-T-02		廣東
B6L09-II-T-03		普洱
B6L10-I-0-01	V	修練
B6L10-I-0-02	N	記憶
B6L10-I-0-03	N/V	詮釋
B6L10-I-0-04	Id	相輔相成
B6L10-I-01	Ph	書中自有黃金屋
B6L10-I-02	Ph	讀萬卷書行萬里路
B6L10-I-02	Ph	讀萬卷書、行萬里路
B6L10-I-03	Vi	脫逃
B6L10-I-04	N	實戰
B6L10-I-05	Id	出類拔萃
B6L10-I-06	N	階段
B6L10-I-07	N	孰
B6L10-I-08	Adv	頗
B6L10-I-09	Id	引人深思
B6L10-I-10	Ph	管理學院
B6L10-I-11	N	院長
B6L10-I-12	N	猴子
B6L10-I-13	N	差別
B6L10-I-14	Conj	從此
B6L10-I-15	V-sep	脫鉤
B6L10-I-16	N	叢林
B6L10-I-17	V	步入
B6L10-I-18	N	野獸
B6L10-I-19	Vi	聚焦
B6L10-I-20	N	視野
B6L10-I-21	Adv	從容
B6L10-I-22	Vi	應對
B6L10-I-23	V	綜觀
B6L10-I-24	N	總經理
B6L10-I-25	Vs	曲折
B6L10-I-26	N	缺點
B6L10-I-27	N	思維
B6L10-I-28	V	行走
B6L10-I-29	N	江湖
B6L10-I-30	V-sep	回頭
B6L10-I-31	N	實驗
B6L10-I-32	N	領悟
B6L10-I-33	Ph	為人處世
B6L10-I-34	Adv	更為
B6L10-I-35	Vs	圓融
B6L10-I-36	Vs-sep	幽默
B6L10-I-37	N	思考術
B6L10-I-38	Vst	善(於)
B6L10-I-38	Vst	善（於）
B6L10-I-T-01		台科大
B6L10-I-T-02		盧希鵬
B6L10-I-T-03		中經合集團
B6L10-I-T-04		朱永光
B6L10-II-0-01	V	評量
B6L10-II-0-02	V	畫上
B6L10-II-0-03	N	等號
B6L10-II-0-04	N/V	閱讀
B6L10-II-0-05	Vp	內化
B6L10-II-01	Id	混為一談
B6L10-II-02	N	出息
B6L10-II-03	Vs	識字
B6L10-II-04	N	先天
B6L10-II-05	V	辨識
B6L10-II-06	Vi	跳行
B6L10-II-07	Vst	不損
B6L10-II-08	Vs/N	偉大
B6L10-II-09	N	神經
B6L10-II-10	Vst	不礙
B6L10-II-11	M	番
B6L10-II-12	Vp	開竅
B6L10-II-13	Vs	笨
B6L10-II-14	V	超越
B6L10-II-15	N	本性
B6L10-II-16	N	天賦
B6L10-II-17	Vaux	得以
B6L10-II-18	Vi	執政
B6L10-II-19	N	理念
B6L10-II-20	Adv	有所
B6L10-II-21	Id	放諸四海皆準
B6L10-II-22	N	學術
B6L10-II-23	Ph	知其然
B6L10-II-24	Ph	知其所以然
B6L10-II-25	N	國民
B6L10-II-26	V	區分
B6L10-II-27	Vs	廣
B6L10-II-28	N	見聞
B6L10-II-29	V	提取
B6L10-II-30	V	預見
B6L10-II-31	V	防範
B6L10-II-32	Id	未雨綢繆
B6L10-II-33	V	促發
B6L10-II-34	Conj	凡是
B6L10-II-35	Id	性命交關
B6L10-II-36	V	模仿
B6L10-II-37	N	機制
B6L10-II-38	Id	有樣學樣
B6L10-II-39	Id	孟母三遷
B6L10-II-40	Vs-attr	內隱
B6L10-II-41	Vi	暴露
B6L10-II-42	Vi	造影
B6L10-II-43	Vs	精進
B6L10-II-44	Vpt	解開
B6L10-II-45	N	基因
B6L10-II-46	N	謎
B6L10-II-47	Vs	受虐
B6L10-II-48	V/N	調控
B6L10-II-49	Vs	憂鬱
B6L10-II-50	Id	掉以輕心
B6L10-II-51	N	起點
B6L10-II-52	N	題目
B6L10-II-53	Ph	二度空間
B6L10-II-54	N	區域
B6L10-II-55	V	促使
B6L10-II-56	V/N	連接
B6L10-II-57	V-sep	動手
B6L10-II-58	Ph	人生苦短
B6L10-II-59	Id	攻無不克
B6L10-II-60	Id	事無不成
B6L10-II-T-01		失讀症
B6L10-II-T-02		李光耀
B6L10-II-T-03		妥瑞氏症
B6L10-II-T-04		鏡像神經元
